alteredValue,value,numPaths,residents,personsPerBuilding,sprawl,areaPerResident,floors,elongation,heightParameter,manhattanDistance,averageDistance,area,ellipseArea
undefined,1.5,1000000,2000000,11.38,21.200566295347787,38,3,1.5,1.2,true,9.31382312008946,193792183,193793202
sprawl,0,1000000,2000000,11.38,0,38,3,1.5,1.2,true,3.36747891491736,25333200,25333333
sprawl,0.6060606060606061,1000000,2000000,11.38,0.6060606060606061,38,3,1.5,1.2,true,3.5374670615872943,27955360,27955507
sprawl,1.2121212121212122,1000000,2000000,11.38,1.2121212121212122,38,3,1.5,1.2,true,3.707455208253747,30706627,30706788
sprawl,1.8181818181818183,1000000,2000000,11.38,1.8181818181818183,38,3,1.5,1.2,true,3.8774433549211738,33586999,33587176
sprawl,2.4242424242424243,1000000,2000000,11.38,2.4242424242424243,38,3,1.5,1.2,true,4.047431501587502,36596479,36596671
sprawl,3.0303030303030303,1000000,2000000,11.38,3.0303030303030303,38,3,1.5,1.2,true,4.217419648253631,39735064,39735273
sprawl,3.6363636363636362,1000000,2000000,11.38,3.6363636363636362,38,3,1.5,1.2,true,4.387407794920449,43002756,43002982
sprawl,4.242424242424242,1000000,2000000,11.38,4.242424242424242,38,3,1.5,1.2,true,4.557395941586648,46399554,46399798
sprawl,4.848484848484849,1000000,2000000,11.38,4.848484848484849,38,3,1.5,1.2,true,4.727384088254188,49925458,49925721
sprawl,5.454545454545455,1000000,2000000,11.38,5.454545454545455,38,3,1.5,1.2,true,4.89737223492008,53580469,53580751
sprawl,6.060606060606061,1000000,2000000,11.38,6.060606060606061,38,3,1.5,1.2,true,5.067360381585569,57364586,57364888
sprawl,6.666666666666668,1000000,2000000,11.38,6.666666666666668,38,3,1.5,1.2,true,5.237348528200905,61277810,61278132
sprawl,7.272727272727274,1000000,2000000,11.38,7.272727272727274,38,3,1.5,1.2,true,5.407336674921092,65320140,65320483
sprawl,7.878787878787881,1000000,2000000,11.38,7.878787878787881,38,3,1.5,1.2,true,5.577324821586942,69491576,69491941
sprawl,8.484848484848486,1000000,2000000,11.38,8.484848484848486,38,3,1.5,1.2,true,5.747312968253845,73792118,73792506
sprawl,9.090909090909092,1000000,2000000,11.38,9.090909090909092,38,3,1.5,1.2,true,5.917301114919573,78221767,78222179
sprawl,9.696969696969697,1000000,2000000,11.38,9.696969696969697,38,3,1.5,1.2,true,6.087289261587547,82780522,82780958
sprawl,10.303030303030303,1000000,2000000,11.38,10.303030303030303,38,3,1.5,1.2,true,6.25727740825408,87468384,87468844
sprawl,10.909090909090908,1000000,2000000,11.38,10.909090909090908,38,3,1.5,1.2,true,6.427265554920504,92285352,92285837
sprawl,11.515151515151514,1000000,2000000,11.38,11.515151515151514,38,3,1.5,1.2,true,6.5972537015873804,97231426,97231937
sprawl,12.12121212121212,1000000,2000000,11.38,12.12121212121212,38,3,1.5,1.2,true,6.767241848253289,102306606,102307144
sprawl,12.727272727272725,1000000,2000000,11.38,12.727272727272725,38,3,1.5,1.2,true,6.93722999492026,107510893,107511459
sprawl,13.33333333333333,1000000,2000000,11.38,13.33333333333333,38,3,1.5,1.2,true,7.107218141558191,112844286,112844880
sprawl,13.939393939393936,1000000,2000000,11.38,13.939393939393936,38,3,1.5,1.2,true,7.277206288253823,118306786,118307408
sprawl,14.545454545454541,1000000,2000000,11.38,14.545454545454541,38,3,1.5,1.2,true,7.4471944349203705,123898392,123899043
sprawl,15.151515151515147,1000000,2000000,11.38,15.151515151515147,38,3,1.5,1.2,true,7.617182581587507,129619104,129619786
sprawl,15.757575757575752,1000000,2000000,11.38,15.757575757575752,38,3,1.5,1.2,true,7.787170728253438,135468922,135469635
sprawl,16.36363636363636,1000000,2000000,11.38,16.36363636363636,38,3,1.5,1.2,true,7.957158874919704,141447847,141448591
sprawl,16.969696969696965,1000000,2000000,11.38,16.969696969696965,38,3,1.5,1.2,true,8.127147021587497,147555878,147556654
sprawl,17.57575757575757,1000000,2000000,11.38,17.57575757575757,38,3,1.5,1.2,true,8.29713516825224,153793016,153793825
sprawl,18.181818181818176,1000000,2000000,11.38,18.181818181818176,38,3,1.5,1.2,true,8.467123314921,160159260,160160102
sprawl,18.787878787878782,1000000,2000000,11.38,18.787878787878782,38,3,1.5,1.2,true,8.637111461587057,166654610,166655486
sprawl,19.393939393939387,1000000,2000000,11.38,19.393939393939387,38,3,1.5,1.2,true,8.80709960825354,173279066,173279978
sprawl,19.999999999999993,1000000,2000000,11.38,19.999999999999993,38,3,1.5,1.2,true,8.977087754890338,180032629,180033576
sprawl,20.6060606060606,1000000,2000000,11.38,20.6060606060606,38,3,1.5,1.2,true,9.147075901587103,186915298,186916282
sprawl,21.212121212121204,1000000,2000000,11.38,21.212121212121204,38,3,1.5,1.2,true,9.317064048254322,193927074,193928094
sprawl,21.81818181818181,1000000,2000000,11.38,21.81818181818181,38,3,1.5,1.2,true,9.487052194921354,201067956,201069014
sprawl,22.424242424242415,1000000,2000000,11.38,22.424242424242415,38,3,1.5,1.2,true,9.65704034158673,208337944,208339040
sprawl,23.03030303030302,1000000,2000000,11.38,23.03030303030302,38,3,1.5,1.2,true,9.82702848825351,215737039,215738173
sprawl,23.636363636363626,1000000,2000000,11.38,23.636363636363626,38,3,1.5,1.2,true,9.997016634920334,223265240,223266414
sprawl,24.24242424242423,1000000,2000000,11.38,24.24242424242423,38,3,1.5,1.2,true,10.167004781586593,230922547,230923761
sprawl,24.848484848484837,1000000,2000000,11.38,24.848484848484837,38,3,1.5,1.2,true,10.336992928255015,238708960,238710216
sprawl,25.454545454545443,1000000,2000000,11.38,25.454545454545443,38,3,1.5,1.2,true,10.506981074920827,246624480,246625777
sprawl,26.060606060606048,1000000,2000000,11.38,26.060606060606048,38,3,1.5,1.2,true,10.6769692215855,254669106,254670446
sprawl,26.666666666666654,1000000,2000000,11.38,26.666666666666654,38,3,1.5,1.2,true,10.846957368288288,262842839,262844222
sprawl,27.27272727272726,1000000,2000000,11.38,27.27272727272726,38,3,1.5,1.2,true,11.016945514920968,271145678,271147104
sprawl,27.878787878787865,1000000,2000000,11.38,27.878787878787865,38,3,1.5,1.2,true,11.186933661585293,279577623,279579094
sprawl,28.48484848484847,1000000,2000000,11.38,28.48484848484847,38,3,1.5,1.2,true,11.356921808253295,288138675,288140190
sprawl,29.090909090909076,1000000,2000000,11.38,29.090909090909076,38,3,1.5,1.2,true,11.526909954917924,296828833,296830394
sprawl,29.69696969696968,1000000,2000000,11.38,29.69696969696968,38,3,1.5,1.2,true,11.69689810158636,305648097,305649705
sprawl,30.303030303030287,1000000,2000000,11.38,30.303030303030287,38,3,1.5,1.2,true,11.866886248254467,314596467,314598122
sprawl,30.909090909090892,1000000,2000000,11.38,30.909090909090892,38,3,1.5,1.2,true,12.036874394921826,323673944,323675647
sprawl,31.515151515151498,1000000,2000000,11.38,31.515151515151498,38,3,1.5,1.2,true,12.206862541587181,332880528,332882279
sprawl,32.1212121212121,1000000,2000000,11.38,32.1212121212121,38,3,1.5,1.2,true,12.376850688253766,342216217,342218017
sprawl,32.72727272727271,1000000,2000000,11.38,32.72727272727271,38,3,1.5,1.2,true,12.546838834919754,351681013,351682863
sprawl,33.33333333333332,1000000,2000000,11.38,33.33333333333332,38,3,1.5,1.2,true,12.71682698159033,361274915,361276816
sprawl,33.93939393939393,1000000,2000000,11.38,33.93939393939393,38,3,1.5,1.2,true,12.886815128253897,370997924,370999875
sprawl,34.54545454545454,1000000,2000000,11.38,34.54545454545454,38,3,1.5,1.2,true,13.056803274920842,380850039,380852042
sprawl,35.15151515151515,1000000,2000000,11.38,35.15151515151515,38,3,1.5,1.2,true,13.226791421589265,390831260,390833316
sprawl,35.75757575757576,1000000,2000000,11.38,35.75757575757576,38,3,1.5,1.2,true,13.396779568252958,400941588,400943697
sprawl,36.36363636363637,1000000,2000000,11.38,36.36363636363637,38,3,1.5,1.2,true,13.566767714918985,411181022,411183185
sprawl,36.969696969696976,1000000,2000000,11.38,36.969696969696976,38,3,1.5,1.2,true,13.736755861586955,421549562,421551779
sprawl,37.575757575757585,1000000,2000000,11.38,37.575757575757585,38,3,1.5,1.2,true,13.906744008251966,432047209,432049481
sprawl,38.181818181818194,1000000,2000000,11.38,38.181818181818194,38,3,1.5,1.2,true,14.076732154921007,442673962,442676290
sprawl,38.7878787878788,1000000,2000000,11.38,38.7878787878788,38,3,1.5,1.2,true,14.246720301587201,453429821,453432206
sprawl,39.39393939393941,1000000,2000000,11.38,39.39393939393941,38,3,1.5,1.2,true,14.416708448253367,464314787,464317229
sprawl,40.00000000000002,1000000,2000000,11.38,40.00000000000002,38,3,1.5,1.2,true,14.586696594934528,475328858,475331359
sprawl,40.60606060606063,1000000,2000000,11.38,40.60606060606063,38,3,1.5,1.2,true,14.75668474158719,486472037,486474596
sprawl,41.21212121212124,1000000,2000000,11.38,41.21212121212124,38,3,1.5,1.2,true,14.926672888253842,497744321,497746940
sprawl,41.81818181818185,1000000,2000000,11.38,41.81818181818185,38,3,1.5,1.2,true,15.096661034921652,509145712,509148390
sprawl,42.42424242424246,1000000,2000000,11.38,42.42424242424246,38,3,1.5,1.2,true,15.266649181586546,520676210,520678948
sprawl,43.03030303030307,1000000,2000000,11.38,43.03030303030307,38,3,1.5,1.2,true,15.43663732825335,532335813,532338613
sprawl,43.636363636363676,1000000,2000000,11.38,43.636363636363676,38,3,1.5,1.2,true,15.606625474920056,544124523,544127385
sprawl,44.242424242424285,1000000,2000000,11.38,44.242424242424285,38,3,1.5,1.2,true,15.776613621587112,556042340,556045264
sprawl,44.848484848484894,1000000,2000000,11.38,44.848484848484894,38,3,1.5,1.2,true,15.946601768254968,568089262,568092250
sprawl,45.4545454545455,1000000,2000000,11.38,45.4545454545455,38,3,1.5,1.2,true,16.11658991492083,580265291,580268343
sprawl,46.06060606060611,1000000,2000000,11.38,46.06060606060611,38,3,1.5,1.2,true,16.286578061585235,592570427,592573543
sprawl,46.66666666666672,1000000,2000000,11.38,46.66666666666672,38,3,1.5,1.2,true,16.456566208413285,605004668,605007851
sprawl,47.27272727272733,1000000,2000000,11.38,47.27272727272733,38,3,1.5,1.2,true,16.626554354920955,617568016,617571265
sprawl,47.87878787878794,1000000,2000000,11.38,47.87878787878794,38,3,1.5,1.2,true,16.796542501584515,630260471,630263786
sprawl,48.48484848484855,1000000,2000000,11.38,48.48484848484855,38,3,1.5,1.2,true,16.96653064825315,643082031,643085414
sprawl,49.09090909090916,1000000,2000000,11.38,49.09090909090916,38,3,1.5,1.2,true,17.136518794917475,656032698,656036149
sprawl,49.69696969696977,1000000,2000000,11.38,49.69696969696977,38,3,1.5,1.2,true,17.306506941586427,669112472,669115991
sprawl,50.303030303030376,1000000,2000000,11.38,50.303030303030376,38,3,1.5,1.2,true,17.47649508825444,682321351,682324940
sprawl,50.909090909090985,1000000,2000000,11.38,50.909090909090985,38,3,1.5,1.2,true,17.64648323492226,695659337,695662996
sprawl,51.515151515151594,1000000,2000000,11.38,51.515151515151594,38,3,1.5,1.2,true,17.81647138158723,709126430,709130160
sprawl,52.1212121212122,1000000,2000000,11.38,52.1212121212122,38,3,1.5,1.2,true,17.986459528253434,722722628,722726430
sprawl,52.72727272727281,1000000,2000000,11.38,52.72727272727281,38,3,1.5,1.2,true,18.156447674920358,736447933,736451807
sprawl,53.33333333333342,1000000,2000000,11.38,53.33333333333342,38,3,1.5,1.2,true,18.326435821614858,750302345,750306291
sprawl,53.93939393939403,1000000,2000000,11.38,53.93939393939403,38,3,1.5,1.2,true,18.496423968254604,764285862,764289882
sprawl,54.54545454545464,1000000,2000000,11.38,54.54545454545464,38,3,1.5,1.2,true,18.66641211492218,778398486,778402581
sprawl,55.15151515151525,1000000,2000000,11.38,55.15151515151525,38,3,1.5,1.2,true,18.83640026158829,792640217,792644386
sprawl,55.75757575757586,1000000,2000000,11.38,55.75757575757586,38,3,1.5,1.2,true,19.00638840825255,807011053,807015298
sprawl,56.363636363636466,1000000,2000000,11.38,56.363636363636466,38,3,1.5,1.2,true,19.176376554920665,821510996,821515318
sprawl,56.969696969697075,1000000,2000000,11.38,56.969696969697075,38,3,1.5,1.2,true,19.34636470158598,836140046,836144444
sprawl,57.575757575757684,1000000,2000000,11.38,57.575757575757684,38,3,1.5,1.2,true,19.51635284825297,850898202,850902677
sprawl,58.181818181818294,1000000,2000000,11.38,58.181818181818294,38,3,1.5,1.2,true,19.686340994920588,865785464,865790018
sprawl,58.7878787878789,1000000,2000000,11.38,58.7878787878789,38,3,1.5,1.2,true,19.856329141586237,880801832,880806465
sprawl,59.39393939393951,1000000,2000000,11.38,59.39393939393951,38,3,1.5,1.2,true,20.026317288254198,895947307,895952019
sprawl,60,1000000,2000000,11.38,60,38,3,1.5,1.2,true,20.196305434953814,911221888,911226681
residents,20000,1000000,20000,11.38,21.200566295347787,38,3,1.5,1.2,true,0.9516190513513408,1937415,1937932
residents,120808.0808080808,1000000,120808.0808080808,11.38,21.200566295347787,38,3,1.5,1.2,true,2.3055107805724333,11704983,11705892
residents,221616.1616161616,1000000,221616.1616161616,11.38,21.200566295347787,38,3,1.5,1.2,true,3.114040771380801,21473655,21473853
residents,322424.24242424243,1000000,322424.24242424243,11.38,21.200566295347787,38,3,1.5,1.2,true,3.752127901653645,31241224,31241813
residents,423232.3232323232,1000000,423232.3232323232,11.38,21.200566295347787,38,3,1.5,1.2,true,4.294942189928551,41008793,41009774
residents,524040.404040404,1000000,524040.404040404,11.38,21.200566295347787,38,3,1.5,1.2,true,4.776825747924629,50777464,50777734
residents,624848.4848484849,1000000,624848.4848484849,11.38,21.200566295347787,38,3,1.5,1.2,true,5.212844710128239,60545033,60545694
residents,725656.5656565657,1000000,725656.5656565657,11.38,21.200566295347787,38,3,1.5,1.2,true,5.61946899004201,70312602,70313655
residents,826464.6464646466,1000000,826464.6464646466,11.38,21.200566295347787,38,3,1.5,1.2,true,5.99396066403475,80081274,80081615
residents,927272.7272727274,1000000,927272.7272727274,11.38,21.200566295347787,38,3,1.5,1.2,true,6.3469216607118115,89848842,89849576
residents,1028080.8080808083,1000000,1028080.8080808083,11.38,21.200566295347787,38,3,1.5,1.2,true,6.681229504570366,99617514,99617536
residents,1128888.888888889,1000000,1128888.888888889,11.38,21.200566295347787,38,3,1.5,1.2,true,7.001513538289381,109385083,109385496
residents,1229696.9696969697,1000000,1229696.9696969697,11.38,21.200566295347787,38,3,1.5,1.2,true,7.3056047018038575,119152652,119153457
residents,1330505.0505050505,1000000,1330505.0505050505,11.38,21.200566295347787,38,3,1.5,1.2,true,7.596307099647984,128921323,128921417
residents,1431313.1313131312,1000000,1431313.1313131312,11.38,21.200566295347787,38,3,1.5,1.2,true,7.877753203011984,138688892,138689378
residents,1532121.212121212,1000000,1532121.212121212,11.38,21.200566295347787,38,3,1.5,1.2,true,8.150874459153686,148456461,148457338
residents,1632929.2929292927,1000000,1632929.2929292927,11.38,21.200566295347787,38,3,1.5,1.2,true,8.412559834232697,158225132,158225298
residents,1733737.3737373734,1000000,1733737.3737373734,11.38,21.200566295347787,38,3,1.5,1.2,true,8.669387305080663,167992701,167993259
residents,1834545.4545454541,1000000,1834545.4545454541,11.38,21.200566295347787,38,3,1.5,1.2,true,8.91647429490807,177760270,177761219
residents,1935353.5353535349,1000000,1935353.5353535349,11.38,21.200566295347787,38,3,1.5,1.2,true,9.155492427777295,187528942,187529180
residents,2036161.6161616156,1000000,2036161.6161616156,11.38,21.200566295347787,38,3,1.5,1.2,true,9.389836853846898,197296511,197297140
residents,2136969.6969696963,1000000,2136969.6969696963,11.38,21.200566295347787,38,3,1.5,1.2,true,9.625482085030713,207064079,207065100
residents,2237777.777777777,1000000,2237777.777777777,11.38,21.200566295347787,38,3,1.5,1.2,true,9.847663536662449,216832751,216833061
residents,2338585.858585858,1000000,2338585.858585858,11.38,21.200566295347787,38,3,1.5,1.2,true,10.06810974024157,226600320,226601021
residents,2439393.9393939385,1000000,2439393.9393939385,11.38,21.200566295347787,38,3,1.5,1.2,true,10.277981775996153,236367889,236368982
residents,2540202.0202020193,1000000,2540202.0202020193,11.38,21.200566295347787,38,3,1.5,1.2,true,10.490468372579652,246136560,246136942
residents,2641010.1010101,1000000,2641010.1010101,11.38,21.200566295347787,38,3,1.5,1.2,true,10.696831425690707,255904129,255904902
residents,2741818.1818181807,1000000,2741818.1818181807,11.38,21.200566295347787,38,3,1.5,1.2,true,10.900891961104207,265672801,265672863
residents,2842626.2626262615,1000000,2842626.2626262615,11.38,21.200566295347787,38,3,1.5,1.2,true,11.097050967999312,275440369,275440823
residents,2943434.343434342,1000000,2943434.343434342,11.38,21.200566295347787,38,3,1.5,1.2,true,11.288353199691315,285207938,285208784
residents,3044242.424242423,1000000,3044242.424242423,11.38,21.200566295347787,38,3,1.5,1.2,true,11.483462709594862,294976610,294976744
residents,3145050.5050505036,1000000,3145050.5050505036,11.38,21.200566295347787,38,3,1.5,1.2,true,11.668151267277967,304744179,304744704
residents,3245858.5858585844,1000000,3245858.5858585844,11.38,21.200566295347787,38,3,1.5,1.2,true,11.853802685732648,314511748,314512665
residents,3346666.666666665,1000000,3346666.666666665,11.38,21.200566295347787,38,3,1.5,1.2,true,12.034653813540531,324280419,324280625
residents,3447474.747474746,1000000,3447474.747474746,11.38,21.200566295347787,38,3,1.5,1.2,true,12.217343893850005,334047988,334048586
residents,3548282.8282828266,1000000,3548282.8282828266,11.38,21.200566295347787,38,3,1.5,1.2,true,12.389381903473486,343815557,343816546
residents,3649090.9090909073,1000000,3649090.9090909073,11.38,21.200566295347787,38,3,1.5,1.2,true,12.56563503570268,353584228,353584506
residents,3749898.989898988,1000000,3749898.989898988,11.38,21.200566295347787,38,3,1.5,1.2,true,12.737058124103351,363351797,363352467
residents,3850707.070707069,1000000,3850707.070707069,11.38,21.200566295347787,38,3,1.5,1.2,true,12.914120237369067,373119366,373120427
residents,3951515.1515151495,1000000,3951515.1515151495,11.38,21.200566295347787,38,3,1.5,1.2,true,13.081770848152036,382888038,382888388
residents,4052323.2323232302,1000000,4052323.2323232302,11.38,21.200566295347787,38,3,1.5,1.2,true,13.244925075785327,392655606,392656348
residents,4153131.313131311,1000000,4153131.313131311,11.38,21.200566295347787,38,3,1.5,1.2,true,13.409603456633421,402424278,402424308
residents,4253939.393939392,1000000,4253939.393939392,11.38,21.200566295347787,38,3,1.5,1.2,true,13.572991625297476,412191847,412192269
residents,4354747.474747472,1000000,4354747.474747472,11.38,21.200566295347787,38,3,1.5,1.2,true,13.727574280106131,421959416,421960229
residents,4455555.555555553,1000000,4455555.555555553,11.38,21.200566295347787,38,3,1.5,1.2,true,13.888267394958858,431728087,431728190
residents,4556363.636363634,1000000,4556363.636363634,11.38,21.200566295347787,38,3,1.5,1.2,true,14.043014854499368,441495656,441496150
residents,4657171.717171715,1000000,4657171.717171715,11.38,21.200566295347787,38,3,1.5,1.2,true,14.195112852994132,451263225,451264110
residents,4757979.797979795,1000000,4757979.797979795,11.38,21.200566295347787,38,3,1.5,1.2,true,14.343956464428,461031897,461032071
residents,4858787.878787876,1000000,4858787.878787876,11.38,21.200566295347787,38,3,1.5,1.2,true,14.499382967284543,470799465,470800031
residents,4959595.959595957,1000000,4959595.959595957,11.38,21.200566295347787,38,3,1.5,1.2,true,14.650891248423227,480567034,480567992
residents,5060404.040404038,1000000,5060404.040404038,11.38,21.200566295347787,38,3,1.5,1.2,true,14.789179752665145,490335706,490335952
residents,5161212.121212118,1000000,5161212.121212118,11.38,21.200566295347787,38,3,1.5,1.2,true,14.939902795539817,500103275,500103912
residents,5262020.202020199,1000000,5262020.202020199,11.38,21.200566295347787,38,3,1.5,1.2,true,15.087859589489232,509870844,509871873
residents,5362828.28282828,1000000,5362828.28282828,11.38,21.200566295347787,38,3,1.5,1.2,true,15.225473035218286,519639515,519639833
residents,5463636.3636363605,1000000,5463636.3636363605,11.38,21.200566295347787,38,3,1.5,1.2,true,15.37715717891163,529407084,529407794
residents,5564444.444444441,1000000,5564444.444444441,11.38,21.200566295347787,38,3,1.5,1.2,true,15.516326921917868,539174653,539175754
residents,5665252.525252522,1000000,5665252.525252522,11.38,21.200566295347787,38,3,1.5,1.2,true,15.653908555650965,548943324,548943714
residents,5766060.606060603,1000000,5766060.606060603,11.38,21.200566295347787,38,3,1.5,1.2,true,15.79147873308134,558710893,558711675
residents,5866868.686868683,1000000,5866868.686868683,11.38,21.200566295347787,38,3,1.5,1.2,true,15.929671103995913,568479565,568479635
residents,5967676.767676764,1000000,5967676.767676764,11.38,21.200566295347787,38,3,1.5,1.2,true,16.062802345825464,578247134,578247596
residents,6068484.848484845,1000000,6068484.848484845,11.38,21.200566295347787,38,3,1.5,1.2,true,16.198161888430167,588014702,588015556
residents,6169292.929292926,1000000,6169292.929292926,11.38,21.200566295347787,38,3,1.5,1.2,true,16.3331494830595,597783374,597783516
residents,6270101.010101006,1000000,6270101.010101006,11.38,21.200566295347787,38,3,1.5,1.2,true,16.46980558032329,607550943,607551477
residents,6370909.090909087,1000000,6370909.090909087,11.38,21.200566295347787,38,3,1.5,1.2,true,16.596276293522894,617318512,617319437
residents,6471717.171717168,1000000,6471717.171717168,11.38,21.200566295347787,38,3,1.5,1.2,true,16.718920202985284,627087183,627087398
residents,6572525.252525249,1000000,6572525.252525249,11.38,21.200566295347787,38,3,1.5,1.2,true,16.857979334553853,636854752,636855358
residents,6673333.333333329,1000000,6673333.333333329,11.38,21.200566295347787,38,3,1.5,1.2,true,16.985452756537352,646622321,646623318
residents,6774141.41414141,1000000,6774141.41414141,11.38,21.200566295347787,38,3,1.5,1.2,true,17.117435479069275,656390992,656391279
residents,6874949.494949491,1000000,6874949.494949491,11.38,21.200566295347787,38,3,1.5,1.2,true,17.23962455669148,666158561,666159239
residents,6975757.5757575715,1000000,6975757.5757575715,11.38,21.200566295347787,38,3,1.5,1.2,true,17.3704580957916,675926130,675927200
residents,7076565.656565652,1000000,7076565.656565652,11.38,21.200566295347787,38,3,1.5,1.2,true,17.500190700760157,685694802,685695160
residents,7177373.737373733,1000000,7177373.737373733,11.38,21.200566295347787,38,3,1.5,1.2,true,17.617712447264672,695462371,695463120
residents,7278181.818181814,1000000,7278181.818181814,11.38,21.200566295347787,38,3,1.5,1.2,true,17.73860420647587,705231042,705231081
residents,7378989.898989894,1000000,7378989.898989894,11.38,21.200566295347787,38,3,1.5,1.2,true,17.865921391049856,714998611,714999041
residents,7479797.979797975,1000000,7479797.979797975,11.38,21.200566295347787,38,3,1.5,1.2,true,17.982490105957922,724766180,724767002
residents,7580606.060606056,1000000,7580606.060606056,11.38,21.200566295347787,38,3,1.5,1.2,true,18.103366922163648,734534851,734534962
residents,7681414.141414137,1000000,7681414.141414137,11.38,21.200566295347787,38,3,1.5,1.2,true,18.228077581923557,744302420,744302922
residents,7782222.222222217,1000000,7782222.222222217,11.38,21.200566295347787,38,3,1.5,1.2,true,18.337892357823662,754069989,754070883
residents,7883030.303030298,1000000,7883030.303030298,11.38,21.200566295347787,38,3,1.5,1.2,true,18.46091814405846,763838661,763838843
residents,7983838.383838379,1000000,7983838.383838379,11.38,21.200566295347787,38,3,1.5,1.2,true,18.582180224117153,773606230,773606804
residents,8084646.46464646,1000000,8084646.46464646,11.38,21.200566295347787,38,3,1.5,1.2,true,18.697548052800524,783373798,783374764
residents,8185454.54545454,1000000,8185454.54545454,11.38,21.200566295347787,38,3,1.5,1.2,true,18.806571912095563,793142470,793142724
residents,8286262.626262621,1000000,8286262.626262621,11.38,21.200566295347787,38,3,1.5,1.2,true,18.93494805756106,802910039,802910685
residents,8387070.707070702,1000000,8387070.707070702,11.38,21.200566295347787,38,3,1.5,1.2,true,19.043947875223,812677608,812678645
residents,8487878.787878783,1000000,8487878.787878783,11.38,21.200566295347787,38,3,1.5,1.2,true,19.15362836332506,822446279,822446606
residents,8588686.868686864,1000000,8588686.868686864,11.38,21.200566295347787,38,3,1.5,1.2,true,19.273783432431934,832213848,832214566
residents,8689494.949494945,1000000,8689494.949494945,11.38,21.200566295347787,38,3,1.5,1.2,true,19.381976925589747,841982520,841982526
residents,8790303.030303026,1000000,8790303.030303026,11.38,21.200566295347787,38,3,1.5,1.2,true,19.50248996266157,851750088,851750487
residents,8891111.111111106,1000000,8891111.111111106,11.38,21.200566295347787,38,3,1.5,1.2,true,19.61147115137803,861517657,861518447
residents,8991919.191919187,1000000,8991919.191919187,11.38,21.200566295347787,38,3,1.5,1.2,true,19.71280852858757,871286329,871286408
residents,9092727.272727268,1000000,9092727.272727268,11.38,21.200566295347787,38,3,1.5,1.2,true,19.832523343584693,881053898,881054368
residents,9193535.353535349,1000000,9193535.353535349,11.38,21.200566295347787,38,3,1.5,1.2,true,19.942892172870934,890821467,890822328
residents,9294343.43434343,1000000,9294343.43434343,11.38,21.200566295347787,38,3,1.5,1.2,true,20.04676295379356,900590138,900590289
residents,9395151.51515151,1000000,9395151.51515151,11.38,21.200566295347787,38,3,1.5,1.2,true,20.151962931537625,910357707,910358249
residents,9495959.59595959,1000000,9495959.59595959,11.38,21.200566295347787,38,3,1.5,1.2,true,20.263809325071882,920125276,920126210
residents,9596767.676767671,1000000,9596767.676767671,11.38,21.200566295347787,38,3,1.5,1.2,true,20.376642488187553,929893947,929894170
residents,9697575.757575752,1000000,9697575.757575752,11.38,21.200566295347787,38,3,1.5,1.2,true,20.469793157945215,939661516,939662130
residents,9798383.838383833,1000000,9798383.838383833,11.38,21.200566295347787,38,3,1.5,1.2,true,20.578338575453877,949429085,949430091
residents,9899191.919191914,1000000,9899191.919191914,11.38,21.200566295347787,38,3,1.5,1.2,true,20.69029249220525,959197757,959198051
residents,10000000,1000000,10000000,11.38,21.200566295347787,38,3,1.5,1.2,true,20.79610164641792,968965325,968966011
elongation,1,1000000,2000000,11.38,21.200566295347787,38,3,1,1.2,true,8.584672060776443,193792183,193793202
elongation,1.0404040404040404,1000000,2000000,11.38,21.200566295347787,38,3,1.0404040404040404,1.2,true,8.595663271242856,193792183,193793202
elongation,1.0808080808080809,1000000,2000000,11.38,21.200566295347787,38,3,1.0808080808080809,1.2,true,8.610960457780893,193792183,193793202
elongation,1.1212121212121213,1000000,2000000,11.38,21.200566295347787,38,3,1.1212121212121213,1.2,true,8.645718649147659,193792183,193793202
elongation,1.1616161616161618,1000000,2000000,11.38,21.200566295347787,38,3,1.1616161616161618,1.2,true,8.688303620806142,193792183,193793202
elongation,1.2020202020202022,1000000,2000000,11.38,21.200566295347787,38,3,1.2020202020202022,1.2,true,8.741779983663353,193792183,193793202
elongation,1.2424242424242427,1000000,2000000,11.38,21.200566295347787,38,3,1.2424242424242427,1.2,true,8.796422598183597,193792183,193793202
elongation,1.282828282828283,1000000,2000000,11.38,21.200566295347787,38,3,1.282828282828283,1.2,true,8.856661500578133,193792183,193793202
elongation,1.3232323232323235,1000000,2000000,11.38,21.200566295347787,38,3,1.3232323232323235,1.2,true,8.933096195365433,193792183,193793202
elongation,1.363636363636364,1000000,2000000,11.38,21.200566295347787,38,3,1.363636363636364,1.2,true,9.011537968054554,193792183,193793202
elongation,1.4040404040404044,1000000,2000000,11.38,21.200566295347787,38,3,1.4040404040404044,1.2,true,9.091153962008663,193792183,193793202
elongation,1.4444444444444449,1000000,2000000,11.38,21.200566295347787,38,3,1.4444444444444449,1.2,true,9.179210495243794,193792183,193793202
elongation,1.4848484848484853,1000000,2000000,11.38,21.200566295347787,38,3,1.4848484848484853,1.2,true,9.27339502164745,193792183,193793202
elongation,1.5252525252525257,1000000,2000000,11.38,21.200566295347787,38,3,1.5252525252525257,1.2,true,9.36984308111046,193792183,193793202
elongation,1.5656565656565662,1000000,2000000,11.38,21.200566295347787,38,3,1.5656565656565662,1.2,true,9.470241107872496,193792183,193793202
elongation,1.6060606060606066,1000000,2000000,11.38,21.200566295347787,38,3,1.6060606060606066,1.2,true,9.577178956997246,193792183,193793202
elongation,1.646464646464647,1000000,2000000,11.38,21.200566295347787,38,3,1.646464646464647,1.2,true,9.686784497632036,193792183,193793202
elongation,1.6868686868686875,1000000,2000000,11.38,21.200566295347787,38,3,1.6868686868686875,1.2,true,9.794806677549913,193792183,193793202
elongation,1.727272727272728,1000000,2000000,11.38,21.200566295347787,38,3,1.727272727272728,1.2,true,9.910309059682508,193792183,193793202
elongation,1.7676767676767684,1000000,2000000,11.38,21.200566295347787,38,3,1.7676767676767684,1.2,true,10.026070553506967,193792183,193793202
elongation,1.8080808080808088,1000000,2000000,11.38,21.200566295347787,38,3,1.8080808080808088,1.2,true,10.147236500240282,193792183,193793202
elongation,1.8484848484848493,1000000,2000000,11.38,21.200566295347787,38,3,1.8484848484848493,1.2,true,10.270950561244419,193792183,193793202
elongation,1.8888888888888897,1000000,2000000,11.38,21.200566295347787,38,3,1.8888888888888897,1.2,true,10.393376037192336,193792183,193793202
elongation,1.9292929292929302,1000000,2000000,11.38,21.200566295347787,38,3,1.9292929292929302,1.2,true,10.518232905946276,193792183,193793202
elongation,1.9696969696969706,1000000,2000000,11.38,21.200566295347787,38,3,1.9696969696969706,1.2,true,10.64699381716694,193792183,193793202
elongation,2.010101010101011,1000000,2000000,11.38,21.200566295347787,38,3,2.010101010101011,1.2,true,10.777966857511563,193792183,193793202
elongation,2.050505050505051,1000000,2000000,11.38,21.200566295347787,38,3,2.050505050505051,1.2,true,10.911624126293164,193792183,193793202
elongation,2.0909090909090913,1000000,2000000,11.38,21.200566295347787,38,3,2.0909090909090913,1.2,true,11.04259653571083,193792183,193793202
elongation,2.1313131313131315,1000000,2000000,11.38,21.200566295347787,38,3,2.1313131313131315,1.2,true,11.177931405756148,193792183,193793202
elongation,2.1717171717171717,1000000,2000000,11.38,21.200566295347787,38,3,2.1717171717171717,1.2,true,11.311922733696678,193792183,193793202
elongation,2.212121212121212,1000000,2000000,11.38,21.200566295347787,38,3,2.212121212121212,1.2,true,11.451699959630396,193792183,193793202
elongation,2.252525252525252,1000000,2000000,11.38,21.200566295347787,38,3,2.252525252525252,1.2,true,11.585644233710237,193792183,193793202
elongation,2.2929292929292924,1000000,2000000,11.38,21.200566295347787,38,3,2.2929292929292924,1.2,true,11.7280504321717,193792183,193793202
elongation,2.3333333333333326,1000000,2000000,11.38,21.200566295347787,38,3,2.3333333333333326,1.2,true,11.869107576220063,193792183,193793202
elongation,2.373737373737373,1000000,2000000,11.38,21.200566295347787,38,3,2.373737373737373,1.2,true,12.01481395374626,193792183,193793202
elongation,2.414141414141413,1000000,2000000,11.38,21.200566295347787,38,3,2.414141414141413,1.2,true,12.157706829248148,193792183,193793202
elongation,2.4545454545454533,1000000,2000000,11.38,21.200566295347787,38,3,2.4545454545454533,1.2,true,12.300706530627263,193792183,193793202
elongation,2.4949494949494935,1000000,2000000,11.38,21.200566295347787,38,3,2.4949494949494935,1.2,true,12.444955400737022,193792183,193793202
elongation,2.5353535353535337,1000000,2000000,11.38,21.200566295347787,38,3,2.5353535353535337,1.2,true,12.595775838793239,193792183,193793202
elongation,2.575757575757574,1000000,2000000,11.38,21.200566295347787,38,3,2.575757575757574,1.2,true,12.737385276272965,193792183,193793202
elongation,2.616161616161614,1000000,2000000,11.38,21.200566295347787,38,3,2.616161616161614,1.2,true,12.88893287411593,193792183,193793202
elongation,2.6565656565656544,1000000,2000000,11.38,21.200566295347787,38,3,2.6565656565656544,1.2,true,13.037555627949697,193792183,193793202
elongation,2.6969696969696946,1000000,2000000,11.38,21.200566295347787,38,3,2.6969696969696946,1.2,true,13.184117276619865,193792183,193793202
elongation,2.737373737373735,1000000,2000000,11.38,21.200566295347787,38,3,2.737373737373735,1.2,true,13.336143449074713,193792183,193793202
elongation,2.777777777777775,1000000,2000000,11.38,21.200566295347787,38,3,2.777777777777775,1.2,true,13.484328704954269,193792183,193793202
elongation,2.8181818181818152,1000000,2000000,11.38,21.200566295347787,38,3,2.8181818181818152,1.2,true,13.638694918649474,193792183,193793202
elongation,2.8585858585858555,1000000,2000000,11.38,21.200566295347787,38,3,2.8585858585858555,1.2,true,13.789144770202197,193792183,193793202
elongation,2.8989898989898957,1000000,2000000,11.38,21.200566295347787,38,3,2.8989898989898957,1.2,true,13.94037836571782,193792183,193793202
elongation,2.939393939393936,1000000,2000000,11.38,21.200566295347787,38,3,2.939393939393936,1.2,true,14.095273794206836,193792183,193793202
elongation,2.979797979797976,1000000,2000000,11.38,21.200566295347787,38,3,2.979797979797976,1.2,true,14.249575620157996,193792183,193793202
elongation,3.0202020202020163,1000000,2000000,11.38,21.200566295347787,38,3,3.0202020202020163,1.2,true,14.404991231223775,193792183,193793202
elongation,3.0606060606060566,1000000,2000000,11.38,21.200566295347787,38,3,3.0606060606060566,1.2,true,14.558396975026385,193792183,193793202
elongation,3.1010101010100968,1000000,2000000,11.38,21.200566295347787,38,3,3.1010101010100968,1.2,true,14.71516260349946,193792183,193793202
elongation,3.141414141414137,1000000,2000000,11.38,21.200566295347787,38,3,3.141414141414137,1.2,true,14.869619438213661,193792183,193793202
elongation,3.181818181818177,1000000,2000000,11.38,21.200566295347787,38,3,3.181818181818177,1.2,true,15.027204607445555,193792183,193793202
elongation,3.2222222222222174,1000000,2000000,11.38,21.200566295347787,38,3,3.2222222222222174,1.2,true,15.184818799313074,193792183,193793202
elongation,3.2626262626262577,1000000,2000000,11.38,21.200566295347787,38,3,3.2626262626262577,1.2,true,15.338318418388276,193792183,193793202
elongation,3.303030303030298,1000000,2000000,11.38,21.200566295347787,38,3,3.303030303030298,1.2,true,15.494642364865664,193792183,193793202
elongation,3.343434343434338,1000000,2000000,11.38,21.200566295347787,38,3,3.343434343434338,1.2,true,15.652401404253464,193792183,193793202
elongation,3.3838383838383783,1000000,2000000,11.38,21.200566295347787,38,3,3.3838383838383783,1.2,true,15.815124044719642,193792183,193793202
elongation,3.4242424242424185,1000000,2000000,11.38,21.200566295347787,38,3,3.4242424242424185,1.2,true,15.969634873488031,193792183,193793202
elongation,3.4646464646464588,1000000,2000000,11.38,21.200566295347787,38,3,3.4646464646464588,1.2,true,16.129411484087427,193792183,193793202
elongation,3.505050505050499,1000000,2000000,11.38,21.200566295347787,38,3,3.505050505050499,1.2,true,16.287762631712166,193792183,193793202
elongation,3.545454545454539,1000000,2000000,11.38,21.200566295347787,38,3,3.545454545454539,1.2,true,16.446233788263438,193792183,193793202
elongation,3.5858585858585794,1000000,2000000,11.38,21.200566295347787,38,3,3.5858585858585794,1.2,true,16.607466710837812,193792183,193793202
elongation,3.6262626262626196,1000000,2000000,11.38,21.200566295347787,38,3,3.6262626262626196,1.2,true,16.767618855733698,193792183,193793202
elongation,3.66666666666666,1000000,2000000,11.38,21.200566295347787,38,3,3.66666666666666,1.2,true,16.925422292446402,193792183,193793202
elongation,3.7070707070707,1000000,2000000,11.38,21.200566295347787,38,3,3.7070707070707,1.2,true,17.09133825289663,193792183,193793202
elongation,3.7474747474747403,1000000,2000000,11.38,21.200566295347787,38,3,3.7474747474747403,1.2,true,17.247873460245252,193792183,193793202
elongation,3.7878787878787805,1000000,2000000,11.38,21.200566295347787,38,3,3.7878787878787805,1.2,true,17.41182209118491,193792183,193793202
elongation,3.8282828282828207,1000000,2000000,11.38,21.200566295347787,38,3,3.8282828282828207,1.2,true,17.574008543457072,193792183,193793202
elongation,3.868686868686861,1000000,2000000,11.38,21.200566295347787,38,3,3.868686868686861,1.2,true,17.733878331988123,193792183,193793202
elongation,3.909090909090901,1000000,2000000,11.38,21.200566295347787,38,3,3.909090909090901,1.2,true,17.893589990329044,193792183,193793202
elongation,3.9494949494949414,1000000,2000000,11.38,21.200566295347787,38,3,3.9494949494949414,1.2,true,18.06392001457871,193792183,193793202
elongation,3.9898989898989816,1000000,2000000,11.38,21.200566295347787,38,3,3.9898989898989816,1.2,true,18.222597982307178,193792183,193793202
elongation,4.030303030303022,1000000,2000000,11.38,21.200566295347787,38,3,4.030303030303022,1.2,true,18.384302439679963,193792183,193793202
elongation,4.070707070707063,1000000,2000000,11.38,21.200566295347787,38,3,4.070707070707063,1.2,true,18.544199324857686,193792183,193793202
elongation,4.111111111111104,1000000,2000000,11.38,21.200566295347787,38,3,4.111111111111104,1.2,true,18.707968008820835,193792183,193793202
elongation,4.151515151515144,1000000,2000000,11.38,21.200566295347787,38,3,4.151515151515144,1.2,true,18.871478975772916,193792183,193793202
elongation,4.191919191919185,1000000,2000000,11.38,21.200566295347787,38,3,4.191919191919185,1.2,true,19.03830015020595,193792183,193793202
elongation,4.232323232323226,1000000,2000000,11.38,21.200566295347787,38,3,4.232323232323226,1.2,true,19.20897761590702,193792183,193793202
elongation,4.272727272727266,1000000,2000000,11.38,21.200566295347787,38,3,4.272727272727266,1.2,true,19.37005619385276,193792183,193793202
elongation,4.313131313131307,1000000,2000000,11.38,21.200566295347787,38,3,4.313131313131307,1.2,true,19.533267105281666,193792183,193793202
elongation,4.353535353535348,1000000,2000000,11.38,21.200566295347787,38,3,4.353535353535348,1.2,true,19.697012212504212,193792183,193793202
elongation,4.393939393939388,1000000,2000000,11.38,21.200566295347787,38,3,4.393939393939388,1.2,true,19.861823154401574,193792183,193793202
elongation,4.434343434343429,1000000,2000000,11.38,21.200566295347787,38,3,4.434343434343429,1.2,true,20.027336483906407,193792183,193793202
elongation,4.47474747474747,1000000,2000000,11.38,21.200566295347787,38,3,4.47474747474747,1.2,true,20.193773589927694,193792183,193793202
elongation,4.51515151515151,1000000,2000000,11.38,21.200566295347787,38,3,4.51515151515151,1.2,true,20.360009264253804,193792183,193793202
elongation,4.555555555555551,1000000,2000000,11.38,21.200566295347787,38,3,4.555555555555551,1.2,true,20.519135787758053,193792183,193793202
elongation,4.595959595959592,1000000,2000000,11.38,21.200566295347787,38,3,4.595959595959592,1.2,true,20.678983859124912,193792183,193793202
elongation,4.636363636363632,1000000,2000000,11.38,21.200566295347787,38,3,4.636363636363632,1.2,true,20.842027442113856,193792183,193793202
elongation,4.676767676767673,1000000,2000000,11.38,21.200566295347787,38,3,4.676767676767673,1.2,true,21.00770560955731,193792183,193793202
elongation,4.717171717171714,1000000,2000000,11.38,21.200566295347787,38,3,4.717171717171714,1.2,true,21.172918451852397,193792183,193793202
elongation,4.757575757575754,1000000,2000000,11.38,21.200566295347787,38,3,4.757575757575754,1.2,true,21.343050199042167,193792183,193793202
elongation,4.797979797979795,1000000,2000000,11.38,21.200566295347787,38,3,4.797979797979795,1.2,true,21.513642688859463,193792183,193793202
elongation,4.838383838383836,1000000,2000000,11.38,21.200566295347787,38,3,4.838383838383836,1.2,true,21.685376193264787,193792183,193793202
elongation,4.878787878787876,1000000,2000000,11.38,21.200566295347787,38,3,4.878787878787876,1.2,true,21.837419533572874,193792183,193793202
elongation,4.919191919191917,1000000,2000000,11.38,21.200566295347787,38,3,4.919191919191917,1.2,true,22.00386055798042,193792183,193793202
elongation,4.959595959595958,1000000,2000000,11.38,21.200566295347787,38,3,4.959595959595958,1.2,true,22.173003277536043,193792183,193793202
elongation,5,1000000,2000000,11.38,21.200566295347787,38,3,5,1.2,true,22.34501515350598,193792183,193793202
floors,1,1000000,2000000,11.38,21.200566295347787,38,1,1.5,1.2,true,11.77898877922654,309953325,309954955
floors,1.1919191919191918,1000000,2000000,11.38,21.200566295347787,38,1.1919191919191918,1.5,1.2,true,11.288814377513246,284693104,284694601
floors,1.3838383838383836,1000000,2000000,11.38,21.200566295347787,38,1.3838383838383836,1.5,1.2,true,10.904530336008175,265640453,265641851
floors,1.5757575757575755,1000000,2000000,11.38,21.200566295347787,38,1.5757575757575755,1.5,1.2,true,10.592789310342583,250669186,250670505
floors,1.7676767676767673,1000000,2000000,11.38,21.200566295347787,38,1.7676767676767673,1.5,1.2,true,10.333308355599359,238538817,238540072
floors,1.9595959595959591,1000000,2000000,11.38,21.200566295347787,38,1.9595959595959591,1.5,1.2,true,10.112948381334913,228473515,228474717
floors,2.151515151515151,1000000,2000000,11.38,21.200566295347787,38,2.151515151515151,1.5,1.2,true,9.922773897570869,219961399,219962556
floors,2.343434343434343,1000000,2000000,11.38,21.200566295347787,38,2.343434343434343,1.5,1.2,true,9.75646826980841,212650083,212651201
floors,2.535353535353535,1000000,2000000,11.38,21.200566295347787,38,2.535353535353535,1.5,1.2,true,9.609422901822391,206288442,206289527
floors,2.727272727272727,1000000,2000000,11.38,21.200566295347787,38,2.727272727272727,1.5,1.2,true,9.478185887164106,200692308,200693363
floors,2.919191919191919,1000000,2000000,11.38,21.200566295347787,38,2.919191919191919,1.5,1.2,true,9.360113661814665,195723299,195724329
floors,3.111111111111111,1000000,2000000,11.38,21.200566295347787,38,3.111111111111111,1.5,1.2,true,9.253142854195229,191275267,191276273
floors,3.303030303030303,1000000,2000000,11.38,21.200566295347787,38,3.303030303030303,1.5,1.2,true,9.155636204602438,187265312,187266297
floors,3.4949494949494953,1000000,2000000,11.38,21.200566295347787,38,3.4949494949494953,1.5,1.2,true,9.066275715647057,183627672,183628638
floors,3.6868686868686873,1000000,2000000,11.38,21.200566295347787,38,3.6868686868686873,1.5,1.2,true,8.983986824855997,180309453,180310401
floors,3.8787878787878793,1000000,2000000,11.38,21.200566295347787,38,3.8787878787878793,1.5,1.2,true,8.907883487683133,177267589,177268522
floors,4.070707070707071,1000000,2000000,11.38,21.200566295347787,38,4.070707070707071,1.5,1.2,true,8.83722768093918,174466630,174467547
floors,4.262626262626263,1000000,2000000,11.38,21.200566295347787,38,4.262626262626263,1.5,1.2,true,8.77139905511879,171877102,171878006
floors,4.454545454545455,1000000,2000000,11.38,21.200566295347787,38,4.454545454545455,1.5,1.2,true,8.70987186055092,169474287,169475178
floors,4.646464646464647,1000000,2000000,11.38,21.200566295347787,38,4.646464646464647,1.5,1.2,true,8.652197172834207,167237281,167238161
floors,4.838383838383839,1000000,2000000,11.38,21.200566295347787,38,4.838383838383839,1.5,1.2,true,8.597989036808299,165148281,165149149
floors,5.030303030303031,1000000,2000000,11.38,21.200566295347787,38,5.030303030303031,1.5,1.2,true,8.54691354737518,163192015,163192873
floors,5.222222222222223,1000000,2000000,11.38,21.200566295347787,38,5.222222222222223,1.5,1.2,true,8.498680158786003,161355307,161356155
floors,5.414141414141415,1000000,2000000,11.38,21.200566295347787,38,5.414141414141415,1.5,1.2,true,8.453034704111092,159626719,159627559
floors,5.606060606060607,1000000,2000000,11.38,21.200566295347787,38,5.606060606060607,1.5,1.2,true,8.409753740862577,157996272,157997103
floors,5.797979797979799,1000000,2000000,11.38,21.200566295347787,38,5.797979797979799,1.5,1.2,true,8.36863993500801,156455217,156456039
floors,5.989898989898991,1000000,2000000,11.38,21.200566295347787,38,5.989898989898991,1.5,1.2,true,8.329518265185728,154995844,154996659
floors,6.181818181818183,1000000,2000000,11.38,21.200566295347787,38,6.181818181818183,1.5,1.2,true,8.292232880378535,153611335,153612143
floors,6.3737373737373755,1000000,2000000,11.38,21.200566295347787,38,6.3737373737373755,1.5,1.2,true,8.25664448202915,152295634,152296435
floors,6.5656565656565675,1000000,2000000,11.38,21.200566295347787,38,6.5656565656565675,1.5,1.2,true,8.222628130276254,151043341,151044135
floors,6.75757575757576,1000000,2000000,11.38,21.200566295347787,38,6.75757575757576,1.5,1.2,true,8.190071395368388,149849624,149850412
floors,6.949494949494952,1000000,2000000,11.38,21.200566295347787,38,6.949494949494952,1.5,1.2,true,8.158872791902242,148710148,148710931
floors,7.141414141414144,1000000,2000000,11.38,21.200566295347787,38,7.141414141414144,1.5,1.2,true,8.128940446068574,147621008,147621785
floors,7.333333333333336,1000000,2000000,11.38,21.200566295347787,38,7.333333333333336,1.5,1.2,true,8.100190956089989,146578677,146579448
floors,7.525252525252528,1000000,2000000,11.38,21.200566295347787,38,7.525252525252528,1.5,1.2,true,8.072548413512239,145579961,145580727
floors,7.71717171717172,1000000,2000000,11.38,21.200566295347787,38,7.71717171717172,1.5,1.2,true,8.045943559248403,144621961,144622722
floors,7.909090909090912,1000000,2000000,11.38,21.200566295347787,38,7.909090909090912,1.5,1.2,true,8.020313052961427,143702037,143702793
floors,8.101010101010104,1000000,2000000,11.38,21.200566295347787,38,8.101010101010104,1.5,1.2,true,7.995598838230345,142817779,142818530
floors,8.292929292929296,1000000,2000000,11.38,21.200566295347787,38,8.292929292929296,1.5,1.2,true,7.971747589001463,141966986,141967732
floors,8.484848484848488,1000000,2000000,11.38,21.200566295347787,38,8.484848484848488,1.5,1.2,true,7.948710225300254,141147637,141148380
floors,8.67676767676768,1000000,2000000,11.38,21.200566295347787,38,8.67676767676768,1.5,1.2,true,7.926441488207121,140357880,140358618
floors,8.868686868686872,1000000,2000000,11.38,21.200566295347787,38,8.868686868686872,1.5,1.2,true,7.904899565691496,139596007,139596741
floors,9.060606060606064,1000000,2000000,11.38,21.200566295347787,38,9.060606060606064,1.5,1.2,true,7.884045762276937,138860446,138861176
floors,9.252525252525256,1000000,2000000,11.38,21.200566295347787,38,9.252525252525256,1.5,1.2,true,7.863844206593281,138149744,138150471
floors,9.444444444444448,1000000,2000000,11.38,21.200566295347787,38,9.444444444444448,1.5,1.2,true,7.844261591785,137462557,137463280
floors,9.63636363636364,1000000,2000000,11.38,21.200566295347787,38,9.63636363636364,1.5,1.2,true,7.82526694450995,136797640,136798360
floors,9.828282828282832,1000000,2000000,11.38,21.200566295347787,38,9.828282828282832,1.5,1.2,true,7.806831418817833,136153837,136154553
floors,10.020202020202024,1000000,2000000,11.38,21.200566295347787,38,10.020202020202024,1.5,1.2,true,7.788928111978057,135530074,135530786
floors,10.212121212121216,1000000,2000000,11.38,21.200566295347787,38,10.212121212121216,1.5,1.2,true,7.771531899271335,134925349,134926059
floors,10.404040404040408,1000000,2000000,11.38,21.200566295347787,38,10.404040404040408,1.5,1.2,true,7.754619285733669,134338732,134339439
floors,10.5959595959596,1000000,2000000,11.38,21.200566295347787,38,10.5959595959596,1.5,1.2,true,7.738168272715937,133769352,133770055
floors,10.787878787878793,1000000,2000000,11.38,21.200566295347787,38,10.787878787878793,1.5,1.2,true,7.7221582375307,133216395,133217096
floors,10.979797979797985,1000000,2000000,11.38,21.200566295347787,38,10.979797979797985,1.5,1.2,true,7.706569824750815,132679100,132679798
floors,11.171717171717177,1000000,2000000,11.38,21.200566295347787,38,11.171717171717177,1.5,1.2,true,7.6913848478169715,132156755,132157451
floors,11.363636363636369,1000000,2000000,11.38,21.200566295347787,38,11.363636363636369,1.5,1.2,true,7.676586199805262,131648691,131649383
floors,11.55555555555556,1000000,2000000,11.38,21.200566295347787,38,11.55555555555556,1.5,1.2,true,7.662157772417553,131154279,131154969
floors,11.747474747474753,1000000,2000000,11.38,21.200566295347787,38,11.747474747474753,1.5,1.2,true,7.648084382244423,130672929,130673616
floors,11.939393939393945,1000000,2000000,11.38,21.200566295347787,38,11.939393939393945,1.5,1.2,true,7.634351703589354,130204085,130204770
floors,12.131313131313137,1000000,2000000,11.38,21.200566295347787,38,12.131313131313137,1.5,1.2,true,7.620946207171732,129747224,129747907
floors,12.323232323232329,1000000,2000000,11.38,21.200566295347787,38,12.323232323232329,1.5,1.2,true,7.607855104084842,129301853,129302533
floors,12.515151515151521,1000000,2000000,11.38,21.200566295347787,38,12.515151515151521,1.5,1.2,true,7.595066294500828,128867505,128868183
floors,12.707070707070713,1000000,2000000,11.38,21.200566295347787,38,12.707070707070713,1.5,1.2,true,7.582568320660096,128443741,128444417
floors,12.898989898989905,1000000,2000000,11.38,21.200566295347787,38,12.898989898989905,1.5,1.2,true,7.570350323731415,128030145,128030818
floors,13.090909090909097,1000000,2000000,11.38,21.200566295347787,38,13.090909090909097,1.5,1.2,true,7.558402004140872,127626323,127626994
floors,13.282828282828289,1000000,2000000,11.38,21.200566295347787,38,13.282828282828289,1.5,1.2,true,7.546713585061188,127231902,127232571
floors,13.474747474747481,1000000,2000000,11.38,21.200566295347787,38,13.474747474747481,1.5,1.2,true,7.535275778814994,126846528,126847196
floors,13.666666666666673,1000000,2000000,11.38,21.200566295347787,38,13.666666666666673,1.5,1.2,true,7.524079755840522,126469868,126470533
floors,13.858585858585865,1000000,2000000,11.38,21.200566295347787,38,13.858585858585865,1.5,1.2,true,7.513117116037218,126101601,126102264
floors,14.050505050505057,1000000,2000000,11.38,21.200566295347787,38,14.050505050505057,1.5,1.2,true,7.502379862284676,125741426,125742088
floors,14.24242424242425,1000000,2000000,11.38,21.200566295347787,38,14.24242424242425,1.5,1.2,true,7.491860375917831,125389056,125389716
floors,14.434343434343441,1000000,2000000,11.38,21.200566295347787,38,14.434343434343441,1.5,1.2,true,7.481551394010745,125044217,125044874
floors,14.626262626262633,1000000,2000000,11.38,21.200566295347787,38,14.626262626262633,1.5,1.2,true,7.471445988291536,124706648,124707304
floors,14.818181818181825,1000000,2000000,11.38,21.200566295347787,38,14.818181818181825,1.5,1.2,true,7.461537545604088,124376102,124376756
floors,15.010101010101017,1000000,2000000,11.38,21.200566295347787,38,15.010101010101017,1.5,1.2,true,7.451819749663877,124052341,124052994
floors,15.20202020202021,1000000,2000000,11.38,21.200566295347787,38,15.20202020202021,1.5,1.2,true,7.442286564195518,123735142,123735793
floors,15.393939393939402,1000000,2000000,11.38,21.200566295347787,38,15.393939393939402,1.5,1.2,true,7.432932217135858,123424287,123424936
floors,15.585858585858594,1000000,2000000,11.38,21.200566295347787,38,15.585858585858594,1.5,1.2,true,7.423751185968183,123119572,123120220
floors,15.777777777777786,1000000,2000000,11.38,21.200566295347787,38,15.777777777777786,1.5,1.2,true,7.414738184002235,122820801,122821447
floors,15.969696969696978,1000000,2000000,11.38,21.200566295347787,38,15.969696969696978,1.5,1.2,true,7.405888147613526,122527784,122528429
floors,16.16161616161617,1000000,2000000,11.38,21.200566295347787,38,16.16161616161617,1.5,1.2,true,7.397196224243858,122240343,122240986
floors,16.35353535353536,1000000,2000000,11.38,21.200566295347787,38,16.35353535353536,1.5,1.2,true,7.388657761256152,121958306,121958948
floors,16.54545454545455,1000000,2000000,11.38,21.200566295347787,38,16.54545454545455,1.5,1.2,true,7.380268295457019,121681508,121682148
floors,16.73737373737374,1000000,2000000,11.38,21.200566295347787,38,16.73737373737374,1.5,1.2,true,7.372023543288147,121409791,121410429
floors,16.92929292929293,1000000,2000000,11.38,21.200566295347787,38,16.92929292929293,1.5,1.2,true,7.363919391644034,121143003,121143640
floors,17.12121212121212,1000000,2000000,11.38,21.200566295347787,38,17.12121212121212,1.5,1.2,true,7.355951889246999,120881000,120881636
floors,17.31313131313131,1000000,2000000,11.38,21.200566295347787,38,17.31313131313131,1.5,1.2,true,7.34811723854914,120623642,120624276
floors,17.5050505050505,1000000,2000000,11.38,21.200566295347787,38,17.5050505050505,1.5,1.2,true,7.340411788126803,120370796,120371429
floors,17.696969696969692,1000000,2000000,11.38,21.200566295347787,38,17.696969696969692,1.5,1.2,true,7.332832025536187,120122332,120122964
floors,17.888888888888882,1000000,2000000,11.38,21.200566295347787,38,17.888888888888882,1.5,1.2,true,7.325374570582749,119878129,119878760
floors,18.080808080808072,1000000,2000000,11.38,21.200566295347787,38,18.080808080808072,1.5,1.2,true,7.3180361689795275,119638067,119638696
floors,18.272727272727263,1000000,2000000,11.38,21.200566295347787,38,18.272727272727263,1.5,1.2,true,7.310813686387963,119402031,119402659
floors,18.464646464646453,1000000,2000000,11.38,21.200566295347787,38,18.464646464646453,1.5,1.2,true,7.303704102796663,119169913,119170540
floors,18.656565656565643,1000000,2000000,11.38,21.200566295347787,38,18.656565656565643,1.5,1.2,true,7.2967045072069485,118941607,118942232
floors,18.848484848484834,1000000,2000000,11.38,21.200566295347787,38,18.848484848484834,1.5,1.2,true,7.289812092621467,118717010,118717635
floors,19.040404040404024,1000000,2000000,11.38,21.200566295347787,38,19.040404040404024,1.5,1.2,true,7.283024151348082,118496025,118496649
floors,19.232323232323214,1000000,2000000,11.38,21.200566295347787,38,19.232323232323214,1.5,1.2,true,7.2763380704654335,118278558,118279180
floors,19.424242424242404,1000000,2000000,11.38,21.200566295347787,38,19.424242424242404,1.5,1.2,true,7.269751327660066,118064517,118065138
floors,19.616161616161595,1000000,2000000,11.38,21.200566295347787,38,19.616161616161595,1.5,1.2,true,7.263261487198911,117853814,117854434
floors,19.808080808080785,1000000,2000000,11.38,21.200566295347787,38,19.808080808080785,1.5,1.2,true,7.256866196146831,117646365,117646984
floors,20,1000000,2000000,11.38,21.200566295347787,38,20,1.5,1.2,true,7.250563180788417,117442088,117442706
heightParameter,-20,1000000,2000000,11.38,21.200566295347787,38,3,1.5,-20,true,12.783213311512277,193792183,193793202
heightParameter,-19.595959595959595,1000000,2000000,11.38,21.200566295347787,38,3,1.5,-19.595959595959595,true,12.764930014649881,193792183,193793202
heightParameter,-19.19191919191919,1000000,2000000,11.38,21.200566295347787,38,3,1.5,-19.19191919191919,true,12.749606428803935,193792183,193793202
heightParameter,-18.787878787878785,1000000,2000000,11.38,21.200566295347787,38,3,1.5,-18.787878787878785,true,12.73157596757126,193792183,193793202
heightParameter,-18.38383838383838,1000000,2000000,11.38,21.200566295347787,38,3,1.5,-18.38383838383838,true,12.712540838359704,193792183,193793202
heightParameter,-17.979797979797976,1000000,2000000,11.38,21.200566295347787,38,3,1.5,-17.979797979797976,true,12.693747985055113,193792183,193793202
heightParameter,-17.57575757575757,1000000,2000000,11.38,21.200566295347787,38,3,1.5,-17.57575757575757,true,12.673937280722676,193792183,193793202
heightParameter,-17.171717171717166,1000000,2000000,11.38,21.200566295347787,38,3,1.5,-17.171717171717166,true,12.659352775862683,193792183,193793202
heightParameter,-16.76767676767676,1000000,2000000,11.38,21.200566295347787,38,3,1.5,-16.76767676767676,true,12.636139981174562,193792183,193793202
heightParameter,-16.363636363636356,1000000,2000000,11.38,21.200566295347787,38,3,1.5,-16.363636363636356,true,12.611174870203161,193792183,193793202
heightParameter,-15.959595959595951,1000000,2000000,11.38,21.200566295347787,38,3,1.5,-15.959595959595951,true,12.596017450564148,193792183,193793202
heightParameter,-15.555555555555546,1000000,2000000,11.38,21.200566295347787,38,3,1.5,-15.555555555555546,true,12.567649385864797,193792183,193793202
heightParameter,-15.151515151515142,1000000,2000000,11.38,21.200566295347787,38,3,1.5,-15.151515151515142,true,12.543420599723984,193792183,193793202
heightParameter,-14.747474747474737,1000000,2000000,11.38,21.200566295347787,38,3,1.5,-14.747474747474737,true,12.521312192662307,193792183,193793202
heightParameter,-14.343434343434332,1000000,2000000,11.38,21.200566295347787,38,3,1.5,-14.343434343434332,true,12.490490353857817,193792183,193793202
heightParameter,-13.939393939393927,1000000,2000000,11.38,21.200566295347787,38,3,1.5,-13.939393939393927,true,12.462355698882348,193792183,193793202
heightParameter,-13.535353535353522,1000000,2000000,11.38,21.200566295347787,38,3,1.5,-13.535353535353522,true,12.436837995618141,193792183,193793202
heightParameter,-13.131313131313117,1000000,2000000,11.38,21.200566295347787,38,3,1.5,-13.131313131313117,true,12.404100828956333,193792183,193793202
heightParameter,-12.727272727272712,1000000,2000000,11.38,21.200566295347787,38,3,1.5,-12.727272727272712,true,12.37748083008757,193792183,193793202
heightParameter,-12.323232323232308,1000000,2000000,11.38,21.200566295347787,38,3,1.5,-12.323232323232308,true,12.342835674245093,193792183,193793202
heightParameter,-11.919191919191903,1000000,2000000,11.38,21.200566295347787,38,3,1.5,-11.919191919191903,true,12.310628884610514,193792183,193793202
heightParameter,-11.515151515151498,1000000,2000000,11.38,21.200566295347787,38,3,1.5,-11.515151515151498,true,12.273165478189132,193792183,193793202
heightParameter,-11.111111111111093,1000000,2000000,11.38,21.200566295347787,38,3,1.5,-11.111111111111093,true,12.2343348200954,193792183,193793202
heightParameter,-10.707070707070688,1000000,2000000,11.38,21.200566295347787,38,3,1.5,-10.707070707070688,true,12.197076564516054,193792183,193793202
heightParameter,-10.303030303030283,1000000,2000000,11.38,21.200566295347787,38,3,1.5,-10.303030303030283,true,12.160135532313028,193792183,193793202
heightParameter,-9.898989898989878,1000000,2000000,11.38,21.200566295347787,38,3,1.5,-9.898989898989878,true,12.118576979005804,193792183,193793202
heightParameter,-9.494949494949473,1000000,2000000,11.38,21.200566295347787,38,3,1.5,-9.494949494949473,true,12.07069809946242,193792183,193793202
heightParameter,-9.090909090909069,1000000,2000000,11.38,21.200566295347787,38,3,1.5,-9.090909090909069,true,12.023975542786408,193792183,193793202
heightParameter,-8.686868686868664,1000000,2000000,11.38,21.200566295347787,38,3,1.5,-8.686868686868664,true,11.976488933705953,193792183,193793202
heightParameter,-8.282828282828259,1000000,2000000,11.38,21.200566295347787,38,3,1.5,-8.282828282828259,true,11.927190203117968,193792183,193793202
heightParameter,-7.878787878787855,1000000,2000000,11.38,21.200566295347787,38,3,1.5,-7.878787878787855,true,11.87242326280307,193792183,193793202
heightParameter,-7.474747474747451,1000000,2000000,11.38,21.200566295347787,38,3,1.5,-7.474747474747451,true,11.81237636140853,193792183,193793202
heightParameter,-7.070707070707047,1000000,2000000,11.38,21.200566295347787,38,3,1.5,-7.070707070707047,true,11.75232401411864,193792183,193793202
heightParameter,-6.666666666666643,1000000,2000000,11.38,21.200566295347787,38,3,1.5,-6.666666666666643,true,11.688060695057615,193792183,193793202
heightParameter,-6.262626262626239,1000000,2000000,11.38,21.200566295347787,38,3,1.5,-6.262626262626239,true,11.621759747952238,193792183,193793202
heightParameter,-5.858585858585835,1000000,2000000,11.38,21.200566295347787,38,3,1.5,-5.858585858585835,true,11.5465222866569,193792183,193793202
heightParameter,-5.454545454545431,1000000,2000000,11.38,21.200566295347787,38,3,1.5,-5.454545454545431,true,11.47383891683292,193792183,193793202
heightParameter,-5.050505050505027,1000000,2000000,11.38,21.200566295347787,38,3,1.5,-5.050505050505027,true,11.392874665426543,193792183,193793202
heightParameter,-4.646464646464623,1000000,2000000,11.38,21.200566295347787,38,3,1.5,-4.646464646464623,true,11.302980175889758,193792183,193793202
heightParameter,-4.242424242424219,1000000,2000000,11.38,21.200566295347787,38,3,1.5,-4.242424242424219,true,11.22005649816027,193792183,193793202
heightParameter,-3.838383838383815,1000000,2000000,11.38,21.200566295347787,38,3,1.5,-3.838383838383815,true,11.120558704380924,193792183,193793202
heightParameter,-3.434343434343411,1000000,2000000,11.38,21.200566295347787,38,3,1.5,-3.434343434343411,true,11.01670867763059,193792183,193793202
heightParameter,-3.030303030303007,1000000,2000000,11.38,21.200566295347787,38,3,1.5,-3.030303030303007,true,10.911922787135458,193792183,193793202
heightParameter,-2.626262626262603,1000000,2000000,11.38,21.200566295347787,38,3,1.5,-2.626262626262603,true,10.796278313636144,193792183,193793202
heightParameter,-2.2222222222221992,1000000,2000000,11.38,21.200566295347787,38,3,1.5,-2.2222222222221992,true,10.678974602164825,193792183,193793202
heightParameter,-1.8181818181817953,1000000,2000000,11.38,21.200566295347787,38,3,1.5,-1.8181818181817953,true,10.54125632296082,193792183,193793202
heightParameter,-1.4141414141413913,1000000,2000000,11.38,21.200566295347787,38,3,1.5,-1.4141414141413913,true,10.408829593966505,193792183,193793202
heightParameter,-1.0101010101009873,1000000,2000000,11.38,21.200566295347787,38,3,1.5,-1.0101010101009873,true,10.26625115247789,193792183,193793202
heightParameter,-0.6060606060605833,1000000,2000000,11.38,21.200566295347787,38,3,1.5,-0.6060606060605833,true,10.1077807928869,193792183,193793202
heightParameter,-0.20202020202017928,1000000,2000000,11.38,21.200566295347787,38,3,1.5,-0.20202020202017928,true,9.942635094489937,193792183,193793202
heightParameter,0.20202020202022475,1000000,2000000,11.38,21.200566295347787,38,3,1.5,0.20202020202022475,true,9.77698714512103,193792183,193793202
heightParameter,0.6060606060606288,1000000,2000000,11.38,21.200566295347787,38,3,1.5,0.6060606060606288,true,9.59425558967351,193792183,193793202
heightParameter,1.0101010101010328,1000000,2000000,11.38,21.200566295347787,38,3,1.5,1.0101010101010328,true,9.404126417012295,193792183,193793202
heightParameter,1.4141414141414368,1000000,2000000,11.38,21.200566295347787,38,3,1.5,1.4141414141414368,true,9.200679707002422,193792183,193793202
heightParameter,1.8181818181818408,1000000,2000000,11.38,21.200566295347787,38,3,1.5,1.8181818181818408,true,8.99564289531856,193792183,193793202
heightParameter,2.222222222222245,1000000,2000000,11.38,21.200566295347787,38,3,1.5,2.222222222222245,true,8.774106483364664,193792183,193793202
heightParameter,2.626262626262649,1000000,2000000,11.38,21.200566295347787,38,3,1.5,2.626262626262649,true,8.55315387797896,193792183,193793202
heightParameter,3.030303030303053,1000000,2000000,11.38,21.200566295347787,38,3,1.5,3.030303030303053,true,8.316295241653519,193792183,193793202
heightParameter,3.434343434343457,1000000,2000000,11.38,21.200566295347787,38,3,1.5,3.434343434343457,true,8.0773009843843,193792183,193793202
heightParameter,3.838383838383861,1000000,2000000,11.38,21.200566295347787,38,3,1.5,3.838383838383861,true,7.832907388034996,193792183,193793202
heightParameter,4.242424242424265,1000000,2000000,11.38,21.200566295347787,38,3,1.5,4.242424242424265,true,7.585782144116902,193792183,193793202
heightParameter,4.646464646464669,1000000,2000000,11.38,21.200566295347787,38,3,1.5,4.646464646464669,true,7.330580571738501,193792183,193793202
heightParameter,5.050505050505073,1000000,2000000,11.38,21.200566295347787,38,3,1.5,5.050505050505073,true,7.072658808094075,193792183,193793202
heightParameter,5.454545454545477,1000000,2000000,11.38,21.200566295347787,38,3,1.5,5.454545454545477,true,6.820491064034932,193792183,193793202
heightParameter,5.858585858585881,1000000,2000000,11.38,21.200566295347787,38,3,1.5,5.858585858585881,true,6.5638695077835125,193792183,193793202
heightParameter,6.262626262626285,1000000,2000000,11.38,21.200566295347787,38,3,1.5,6.262626262626285,true,6.312298354862121,193792183,193793202
heightParameter,6.666666666666689,1000000,2000000,11.38,21.200566295347787,38,3,1.5,6.666666666666689,true,6.062770773979791,193792183,193793202
heightParameter,7.070707070707093,1000000,2000000,11.38,21.200566295347787,38,3,1.5,7.070707070707093,true,5.818914660885709,193792183,193793202
heightParameter,7.474747474747497,1000000,2000000,11.38,21.200566295347787,38,3,1.5,7.474747474747497,true,5.579280311732639,193792183,193793202
heightParameter,7.878787878787901,1000000,2000000,11.38,21.200566295347787,38,3,1.5,7.878787878787901,true,5.347477657459247,193792183,193793202
heightParameter,8.282828282828305,1000000,2000000,11.38,21.200566295347787,38,3,1.5,8.282828282828305,true,5.122047563521731,193792183,193793202
heightParameter,8.68686868686871,1000000,2000000,11.38,21.200566295347787,38,3,1.5,8.68686868686871,true,4.906489216594546,193792183,193793202
heightParameter,9.090909090909115,1000000,2000000,11.38,21.200566295347787,38,3,1.5,9.090909090909115,true,4.69996145837168,193792183,193793202
heightParameter,9.49494949494952,1000000,2000000,11.38,21.200566295347787,38,3,1.5,9.49494949494952,true,4.502149655599477,193792183,193793202
heightParameter,9.898989898989925,1000000,2000000,11.38,21.200566295347787,38,3,1.5,9.898989898989925,true,4.314205382589799,193792183,193793202
heightParameter,10.30303030303033,1000000,2000000,11.38,21.200566295347787,38,3,1.5,10.30303030303033,true,4.135266062731231,193792183,193793202
heightParameter,10.707070707070734,1000000,2000000,11.38,21.200566295347787,38,3,1.5,10.707070707070734,true,3.9626075531628806,193792183,193793202
heightParameter,11.11111111111114,1000000,2000000,11.38,21.200566295347787,38,3,1.5,11.11111111111114,true,3.8024233638249183,193792183,193793202
heightParameter,11.515151515151544,1000000,2000000,11.38,21.200566295347787,38,3,1.5,11.515151515151544,true,3.6478376872083813,193792183,193793202
heightParameter,11.919191919191949,1000000,2000000,11.38,21.200566295347787,38,3,1.5,11.919191919191949,true,3.503691525346496,193792183,193793202
heightParameter,12.323232323232354,1000000,2000000,11.38,21.200566295347787,38,3,1.5,12.323232323232354,true,3.3704512327939535,193792183,193793202
heightParameter,12.727272727272759,1000000,2000000,11.38,21.200566295347787,38,3,1.5,12.727272727272759,true,3.2434045830078655,193792183,193793202
heightParameter,13.131313131313163,1000000,2000000,11.38,21.200566295347787,38,3,1.5,13.131313131313163,true,3.120093750668547,193792183,193793202
heightParameter,13.535353535353568,1000000,2000000,11.38,21.200566295347787,38,3,1.5,13.535353535353568,true,3.005353063266035,193792183,193793202
heightParameter,13.939393939393973,1000000,2000000,11.38,21.200566295347787,38,3,1.5,13.939393939393973,true,2.8984553942194093,193792183,193793202
heightParameter,14.343434343434378,1000000,2000000,11.38,21.200566295347787,38,3,1.5,14.343434343434378,true,2.798941395582081,193792183,193793202
heightParameter,14.747474747474783,1000000,2000000,11.38,21.200566295347787,38,3,1.5,14.747474747474783,true,2.70538978842026,193792183,193793202
heightParameter,15.151515151515188,1000000,2000000,11.38,21.200566295347787,38,3,1.5,15.151515151515188,true,2.616822038410216,193792183,193793202
heightParameter,15.555555555555593,1000000,2000000,11.38,21.200566295347787,38,3,1.5,15.555555555555593,true,2.5360805705915013,193792183,193793202
heightParameter,15.959595959595998,1000000,2000000,11.38,21.200566295347787,38,3,1.5,15.959595959595998,true,2.4587593903855534,193792183,193793202
heightParameter,16.363636363636402,1000000,2000000,11.38,21.200566295347787,38,3,1.5,16.363636363636402,true,2.38654493203198,193792183,193793202
heightParameter,16.767676767676807,1000000,2000000,11.38,21.200566295347787,38,3,1.5,16.767676767676807,true,2.319317784324496,193792183,193793202
heightParameter,17.171717171717212,1000000,2000000,11.38,21.200566295347787,38,3,1.5,17.171717171717212,true,2.253244734636268,193792183,193793202
heightParameter,17.575757575757617,1000000,2000000,11.38,21.200566295347787,38,3,1.5,17.575757575757617,true,2.192069171535895,193792183,193793202
heightParameter,17.979797979798022,1000000,2000000,11.38,21.200566295347787,38,3,1.5,17.979797979798022,true,2.133146814218674,193792183,193793202
heightParameter,18.383838383838427,1000000,2000000,11.38,21.200566295347787,38,3,1.5,18.383838383838427,true,2.0787056978077407,193792183,193793202
heightParameter,18.78787878787883,1000000,2000000,11.38,21.200566295347787,38,3,1.5,18.78787878787883,true,2.026553617183219,193792183,193793202
heightParameter,19.191919191919236,1000000,2000000,11.38,21.200566295347787,38,3,1.5,19.191919191919236,true,1.9763662759487064,193792183,193793202
heightParameter,19.59595959595964,1000000,2000000,11.38,21.200566295347787,38,3,1.5,19.59595959595964,true,1.9292651299612333,193792183,193793202
heightParameter,20,1000000,2000000,11.38,21.200566295347787,38,3,1.5,20,true,1.8842003501635405,193792183,193793202
personsPerBuilding,1,1000000,2000000,1,21.200566295347787,38,3,1.5,1.2,true,23.36781038166083,1226074830,1226074830
personsPerBuilding,7.05050505050505,1000000,2000000,7.05050505050505,21.200566295347787,38,3,1.5,1.2,true,10.913407360935334,266496595,266497179
personsPerBuilding,13.1010101010101,1000000,2000000,13.1010101010101,21.200566295347787,38,3,1.5,1.2,true,8.910436138293383,177332032,177333176
personsPerBuilding,19.15151515151515,1000000,2000000,19.15151515151515,21.200566295347787,38,3,1.5,1.2,true,7.955020466610741,141236837,141237351
personsPerBuilding,25.2020202020202,1000000,2000000,25.2020202020202,21.200566295347787,38,3,1.5,1.2,true,7.369167669575249,121121399,121122494
personsPerBuilding,31.252525252525253,1000000,2000000,31.252525252525253,21.200566295347787,38,3,1.5,1.2,true,6.965681789008189,108083160,108084560
personsPerBuilding,37.303030303030305,1000000,2000000,37.303030303030305,21.200566295347787,38,3,1.5,1.2,true,6.660288029949637,98845460,98847206
personsPerBuilding,43.35353535353536,1000000,2000000,43.35353535353536,21.200566295347787,38,3,1.5,1.2,true,6.426799869076467,91905558,91906234
personsPerBuilding,49.40404040404041,1000000,2000000,49.40404040404041,21.200566295347787,38,3,1.5,1.2,true,6.233606792320237,86467201,86468309
personsPerBuilding,55.45454545454546,1000000,2000000,55.45454545454546,21.200566295347787,38,3,1.5,1.2,true,6.0781633331193765,82071593,82072899
personsPerBuilding,61.50505050505051,1000000,2000000,61.50505050505051,21.200566295347787,38,3,1.5,1.2,true,5.94134423887478,78431538,78433117
personsPerBuilding,67.55555555555556,1000000,2000000,67.55555555555556,21.200566295347787,38,3,1.5,1.2,true,5.824901324253109,75359622,75360292
personsPerBuilding,73.60606060606061,1000000,2000000,73.60606060606061,21.200566295347787,38,3,1.5,1.2,true,5.7233545631886615,72723081,72724890
personsPerBuilding,79.65656565656566,1000000,2000000,79.65656565656566,21.200566295347787,38,3,1.5,1.2,true,5.634821767198206,70432611,70434816
personsPerBuilding,85.70707070707071,1000000,2000000,85.70707070707071,21.200566295347787,38,3,1.5,1.2,true,5.55912263109721,68421790,68422663
personsPerBuilding,91.75757575757576,1000000,2000000,91.75757575757576,21.200566295347787,38,3,1.5,1.2,true,5.482982980940187,66636146,66637874
personsPerBuilding,97.80808080808082,1000000,2000000,97.80808080808082,21.200566295347787,38,3,1.5,1.2,true,5.4214214482067975,65041067,65041729
personsPerBuilding,103.85858585858587,1000000,2000000,103.85858585858587,21.200566295347787,38,3,1.5,1.2,true,5.35813001659699,63600878,63604029
personsPerBuilding,109.90909090909092,1000000,2000000,109.90909090909092,21.200566295347787,38,3,1.5,1.2,true,5.305912301603241,62297916,62300850
personsPerBuilding,115.95959595959597,1000000,2000000,115.95959595959597,21.200566295347787,38,3,1.5,1.2,true,5.258736588833684,61111602,61112972
personsPerBuilding,122.01010101010102,1000000,2000000,122.01010101010102,21.200566295347787,38,3,1.5,1.2,true,5.209434155574612,60024450,60024763
personsPerBuilding,128.06060606060606,1000000,2000000,128.06060606060606,21.200566295347787,38,3,1.5,1.2,true,5.167358288338028,59021078,59023366
personsPerBuilding,134.11111111111111,1000000,2000000,134.11111111111111,21.200566295347787,38,3,1.5,1.2,true,5.128897885294083,58098075,58098104
personsPerBuilding,140.16161616161617,1000000,2000000,140.16161616161617,21.200566295347787,38,3,1.5,1.2,true,5.09061077213963,57239058,57240028
personsPerBuilding,146.21212121212122,1000000,2000000,146.21212121212122,21.200566295347787,38,3,1.5,1.2,true,5.056775941322004,56438456,56441577
personsPerBuilding,152.26262626262627,1000000,2000000,152.26262626262627,21.200566295347787,38,3,1.5,1.2,true,5.02456371785737,55695470,55696317
personsPerBuilding,158.31313131313132,1000000,2000000,158.31313131313132,21.200566295347787,38,3,1.5,1.2,true,4.99104835473957,54997900,54998731
personsPerBuilding,164.36363636363637,1000000,2000000,164.36363636363637,21.200566295347787,38,3,1.5,1.2,true,4.9651351709223,54343431,54344063
personsPerBuilding,170.41414141414143,1000000,2000000,170.41414141414143,21.200566295347787,38,3,1.5,1.2,true,4.935785497269197,53727660,53728187
personsPerBuilding,176.46464646464648,1000000,2000000,176.46464646464648,21.200566295347787,38,3,1.5,1.2,true,4.909507397718652,53144153,53147506
personsPerBuilding,182.51515151515153,1000000,2000000,182.51515151515153,21.200566295347787,38,3,1.5,1.2,true,4.884313113858893,52594093,52598866
personsPerBuilding,188.56565656565658,1000000,2000000,188.56565656565658,21.200566295347787,38,3,1.5,1.2,true,4.863406138856531,52077600,52079491
personsPerBuilding,194.61616161616163,1000000,2000000,194.61616161616163,21.200566295347787,38,3,1.5,1.2,true,4.839830449712566,51583721,51586928
personsPerBuilding,200.66666666666669,1000000,2000000,200.66666666666669,21.200566295347787,38,3,1.5,1.2,true,4.819629262852748,51115009,51118996
personsPerBuilding,206.71717171717174,1000000,2000000,206.71717171717174,21.200566295347787,38,3,1.5,1.2,true,4.800457795113399,50673467,50673755
personsPerBuilding,212.7676767676768,1000000,2000000,212.7676767676768,21.200566295347787,38,3,1.5,1.2,true,4.777989894620809,50244527,50249467
personsPerBuilding,218.81818181818184,1000000,2000000,218.81818181818184,21.200566295347787,38,3,1.5,1.2,true,4.762230609244622,49844529,49844574
personsPerBuilding,224.8686868686869,1000000,2000000,224.8686868686869,21.200566295347787,38,3,1.5,1.2,true,4.745618453094767,49457232,49457674
personsPerBuilding,230.91919191919195,1000000,2000000,230.91919191919195,21.200566295347787,38,3,1.5,1.2,true,4.725185213093782,49087283,49087501
personsPerBuilding,236.969696969697,1000000,2000000,236.969696969697,21.200566295347787,38,3,1.5,1.2,true,4.709518850550247,48727726,48732909
personsPerBuilding,243.02020202020205,1000000,2000000,243.02020202020205,21.200566295347787,38,3,1.5,1.2,true,4.693198018271076,48388338,48392857
personsPerBuilding,249.0707070707071,1000000,2000000,249.0707070707071,21.200566295347787,38,3,1.5,1.2,true,4.679028891965531,48061320,48066398
personsPerBuilding,255.12121212121215,1000000,2000000,255.12121212121215,21.200566295347787,38,3,1.5,1.2,true,4.663534385199423,47750166,47752669
personsPerBuilding,261.1717171717172,1000000,2000000,261.1717171717172,21.200566295347787,38,3,1.5,1.2,true,4.650720400222187,47445941,47450880
personsPerBuilding,267.22222222222223,1000000,2000000,267.22222222222223,21.200566295347787,38,3,1.5,1.2,true,4.635268302083733,47157740,47160308
personsPerBuilding,273.27272727272725,1000000,2000000,273.27272727272725,21.200566295347787,38,3,1.5,1.2,true,4.620550290222124,46875831,46880289
personsPerBuilding,279.3232323232323,1000000,2000000,279.3232323232323,21.200566295347787,38,3,1.5,1.2,true,4.610497569211841,46609147,46610211
personsPerBuilding,285.3737373737373,1000000,2000000,285.3737373737373,21.200566295347787,38,3,1.5,1.2,true,4.597913692420582,46347175,46349513
personsPerBuilding,291.4242424242423,1000000,2000000,291.4242424242423,21.200566295347787,38,3,1.5,1.2,true,4.584796344632467,46091983,46097673
personsPerBuilding,297.47474747474735,1000000,2000000,297.47474747474735,21.200566295347787,38,3,1.5,1.2,true,4.574307462350428,45852439,45854210
personsPerBuilding,303.52525252525237,1000000,2000000,303.52525252525237,21.200566295347787,38,3,1.5,1.2,true,4.562188431483461,45617036,45618681
personsPerBuilding,309.5757575757574,1000000,2000000,309.5757575757574,21.200566295347787,38,3,1.5,1.2,true,4.550912800580973,45387479,45390670
personsPerBuilding,315.6262626262624,1000000,2000000,315.6262626262624,21.200566295347787,38,3,1.5,1.2,true,4.542817846111587,45165458,45169794
personsPerBuilding,321.67676767676744,1000000,2000000,321.67676767676744,21.200566295347787,38,3,1.5,1.2,true,4.528362319679505,44952649,44955696
personsPerBuilding,327.72727272727246,1000000,2000000,327.72727272727246,21.200566295347787,38,3,1.5,1.2,true,4.521102589314119,44743384,44748042
personsPerBuilding,333.7777777777775,1000000,2000000,333.7777777777775,21.200566295347787,38,3,1.5,1.2,true,4.510802682485761,44546442,44546522
personsPerBuilding,339.8282828282825,1000000,2000000,339.8282828282825,21.200566295347787,38,3,1.5,1.2,true,4.502430114173171,44348392,44350844
personsPerBuilding,345.87878787878753,1000000,2000000,345.87878787878753,21.200566295347787,38,3,1.5,1.2,true,4.492149303864022,44157892,44160737
personsPerBuilding,351.92929292929256,1000000,2000000,351.92929292929256,21.200566295347787,38,3,1.5,1.2,true,4.485900247770055,43968521,43975947
personsPerBuilding,357.9797979797976,1000000,2000000,357.9797979797976,21.200566295347787,38,3,1.5,1.2,true,4.475284998933979,43789121,43796235
personsPerBuilding,364.0303030303026,1000000,2000000,364.0303030303026,21.200566295347787,38,3,1.5,1.2,true,4.468722773267881,43620994,43621376
personsPerBuilding,370.0808080808076,1000000,2000000,370.0808080808076,21.200566295347787,38,3,1.5,1.2,true,4.4579215700416235,43449350,43451160
personsPerBuilding,376.13131313131265,1000000,2000000,376.13131313131265,21.200566295347787,38,3,1.5,1.2,true,4.4529368307552675,43283012,43285389
personsPerBuilding,382.1818181818177,1000000,2000000,382.1818181818177,21.200566295347787,38,3,1.5,1.2,true,4.441314554007092,43122958,43123876
personsPerBuilding,388.2323232323227,1000000,2000000,388.2323232323227,21.200566295347787,38,3,1.5,1.2,true,4.435837708087305,42961819,42966444
personsPerBuilding,394.2828282828277,1000000,2000000,394.2828282828277,21.200566295347787,38,3,1.5,1.2,true,4.428171581137505,42808701,42812929
personsPerBuilding,400.33333333333275,1000000,2000000,400.33333333333275,21.200566295347787,38,3,1.5,1.2,true,4.419535155445502,42656026,42663172
personsPerBuilding,406.38383838383777,1000000,2000000,406.38383838383777,21.200566295347787,38,3,1.5,1.2,true,4.4153464970801934,42513091,42517026
personsPerBuilding,412.4343434343428,1000000,2000000,412.4343434343428,21.200566295347787,38,3,1.5,1.2,true,4.40845172345898,42372108,42374351
personsPerBuilding,418.4848484848478,1000000,2000000,418.4848484848478,21.200566295347787,38,3,1.5,1.2,true,4.3988532847184265,42233726,42235013
personsPerBuilding,424.53535353535284,1000000,2000000,424.53535353535284,21.200566295347787,38,3,1.5,1.2,true,4.393517049667243,42098593,42098886
personsPerBuilding,430.58585858585786,1000000,2000000,430.58585858585786,21.200566295347787,38,3,1.5,1.2,true,4.38545101342588,41958314,41965852
personsPerBuilding,436.6363636363629,1000000,2000000,436.6363636363629,21.200566295347787,38,3,1.5,1.2,true,4.381945143788291,41831499,41835797
personsPerBuilding,442.6868686868679,1000000,2000000,442.6868686868679,21.200566295347787,38,3,1.5,1.2,true,4.375064501212006,41700617,41708613
personsPerBuilding,448.73737373737293,1000000,2000000,448.73737373737293,21.200566295347787,38,3,1.5,1.2,true,4.3661759940145375,41575335,41584198
personsPerBuilding,454.78787878787796,1000000,2000000,454.78787878787796,21.200566295347787,38,3,1.5,1.2,true,4.364733985349412,41456282,41462454
personsPerBuilding,460.838383838383,1000000,2000000,460.838383838383,21.200566295347787,38,3,1.5,1.2,true,4.354892070623485,41334560,41343289
personsPerBuilding,466.888888888888,1000000,2000000,466.888888888888,21.200566295347787,38,3,1.5,1.2,true,4.351189472689396,41220124,41226615
personsPerBuilding,472.939393939393,1000000,2000000,472.939393939393,21.200566295347787,38,3,1.5,1.2,true,4.3466575404862065,41103872,41112346
personsPerBuilding,478.98989898989805,1000000,2000000,478.98989898989805,21.200566295347787,38,3,1.5,1.2,true,4.339368749845704,40995952,41000404
personsPerBuilding,485.0404040404031,1000000,2000000,485.0404040404031,21.200566295347787,38,3,1.5,1.2,true,4.334107420932356,40887064,40890712
personsPerBuilding,491.0909090909081,1000000,2000000,491.0909090909081,21.200566295347787,38,3,1.5,1.2,true,4.326136018054453,40777531,40783196
personsPerBuilding,497.1414141414131,1000000,2000000,497.1414141414131,21.200566295347787,38,3,1.5,1.2,true,4.32317878974308,40677784,40677786
personsPerBuilding,503.19191919191815,1000000,2000000,503.19191919191815,21.200566295347787,38,3,1.5,1.2,true,4.316250102855538,40568019,40574416
personsPerBuilding,509.24242424242317,1000000,2000000,509.24242424242317,21.200566295347787,38,3,1.5,1.2,true,4.313334789600252,40468873,40473022
personsPerBuilding,515.2929292929282,1000000,2000000,515.2929292929282,21.200566295347787,38,3,1.5,1.2,true,4.311172900913341,40370552,40373542
personsPerBuilding,521.3434343434333,1000000,2000000,521.3434343434333,21.200566295347787,38,3,1.5,1.2,true,4.304492885233469,40273370,40275919
personsPerBuilding,527.3939393939384,1000000,2000000,527.3939393939384,21.200566295347787,38,3,1.5,1.2,true,4.2977011085897425,40177641,40180095
personsPerBuilding,533.4444444444434,1000000,2000000,533.4444444444434,21.200566295347787,38,3,1.5,1.2,true,4.295162996384719,40083677,40086018
personsPerBuilding,539.4949494949485,1000000,2000000,539.4949494949485,21.200566295347787,38,3,1.5,1.2,true,4.290502876038176,39991791,39993635
personsPerBuilding,545.5454545454536,1000000,2000000,545.5454545454536,21.200566295347787,38,3,1.5,1.2,true,4.28545788236594,39902292,39902898
personsPerBuilding,551.5959595959587,1000000,2000000,551.5959595959587,21.200566295347787,38,3,1.5,1.2,true,4.281204783107374,39804508,39813757
personsPerBuilding,557.6464646464638,1000000,2000000,557.6464646464638,21.200566295347787,38,3,1.5,1.2,true,4.2759031662447,39720612,39726169
personsPerBuilding,563.6969696969688,1000000,2000000,563.6969696969688,21.200566295347787,38,3,1.5,1.2,true,4.275677842734993,39640027,39640089
personsPerBuilding,569.7474747474739,1000000,2000000,569.7474747474739,21.200566295347787,38,3,1.5,1.2,true,4.26811261079976,39551790,39555476
personsPerBuilding,575.797979797979,1000000,2000000,575.797979797979,21.200566295347787,38,3,1.5,1.2,true,4.264432482615043,39467282,39472287
personsPerBuilding,581.8484848484841,1000000,2000000,581.8484848484841,21.200566295347787,38,3,1.5,1.2,true,4.259843192040165,39386807,39390485
personsPerBuilding,587.8989898989892,1000000,2000000,587.8989898989892,21.200566295347787,38,3,1.5,1.2,true,4.258672769417333,39299113,39310032
personsPerBuilding,593.9494949494942,1000000,2000000,593.9494949494942,21.200566295347787,38,3,1.5,1.2,true,4.2529790577567255,39227517,39230892
personsPerBuilding,600,1000000,2000000,600,21.200566295347787,38,3,1.5,1.2,true,4.248817211646403,39149115,39153030
areaPerResident,10,1000000,2000000,11.38,21.200566295347787,10,3,1.5,1.2,true,7.673824439074641,131553983,131554675
areaPerResident,10.909090909090908,1000000,2000000,11.38,21.200566295347787,10.909090909090908,3,1.5,1.2,true,7.750638464138199,134200842,134201548
areaPerResident,11.818181818181817,1000000,2000000,11.38,21.200566295347787,11.818181818181817,3,1.5,1.2,true,7.824313211132915,136764297,136765016
areaPerResident,12.727272727272725,1000000,2000000,11.38,21.200566295347787,12.727272727272725,3,1.5,1.2,true,7.895204744503699,139253807,139254539
areaPerResident,13.636363636363633,1000000,2000000,11.38,21.200566295347787,13.636363636363633,3,1.5,1.2,true,7.963606512403391,141677169,141677914
areaPerResident,14.545454545454541,1000000,2000000,11.38,21.200566295347787,14.545454545454541,3,1.5,1.2,true,8.029763757394447,144040898,144041655
areaPerResident,15.45454545454545,1000000,2000000,11.38,21.200566295347787,15.45454545454545,3,1.5,1.2,true,8.093883924245773,146350505,146351275
areaPerResident,16.36363636363636,1000000,2000000,11.38,21.200566295347787,16.36363636363636,3,1.5,1.2,true,8.156144345322833,148610703,148611485
areaPerResident,17.27272727272727,1000000,2000000,11.38,21.200566295347787,17.27272727272727,3,1.5,1.2,true,8.216698026456106,150825556,150826350
areaPerResident,18.18181818181818,1000000,2000000,11.38,21.200566295347787,18.18181818181818,3,1.5,1.2,true,8.275678077384176,152998601,152999406
areaPerResident,19.09090909090909,1000000,2000000,11.38,21.200566295347787,19.09090909090909,3,1.5,1.2,true,8.333201155775908,155132937,155133753
areaPerResident,20,1000000,2000000,11.38,21.200566295347787,20,3,1.5,1.2,true,8.389370180691795,157231298,157232125
areaPerResident,20.90909090909091,1000000,2000000,11.38,21.200566295347787,20.90909090909091,3,1.5,1.2,true,8.44427649638064,159296111,159296949
areaPerResident,21.81818181818182,1000000,2000000,11.38,21.200566295347787,21.81818181818182,3,1.5,1.2,true,8.498001616714737,161329542,161330391
areaPerResident,22.72727272727273,1000000,2000000,11.38,21.200566295347787,22.72727272727273,3,1.5,1.2,true,8.55061864545684,163333534,163334393
areaPerResident,23.63636363636364,1000000,2000000,11.38,21.200566295347787,23.63636363636364,3,1.5,1.2,true,8.602193443118438,165309835,165310704
areaPerResident,24.54545454545455,1000000,2000000,11.38,21.200566295347787,24.54545454545455,3,1.5,1.2,true,8.652785593623468,167260029,167260909
areaPerResident,25.45454545454546,1000000,2000000,11.38,21.200566295347787,25.45454545454546,3,1.5,1.2,true,8.702449211068496,169185554,169186444
areaPerResident,26.36363636363637,1000000,2000000,11.38,21.200566295347787,26.36363636363637,3,1.5,1.2,true,8.751233617954803,171087720,171088620
areaPerResident,27.27272727272728,1000000,2000000,11.38,21.200566295347787,27.27272727272728,3,1.5,1.2,true,8.799183918923438,172967725,172968635
areaPerResident,28.18181818181819,1000000,2000000,11.38,21.200566295347787,28.18181818181819,3,1.5,1.2,true,8.846341489096279,174826669,174827589
areaPerResident,29.0909090909091,1000000,2000000,11.38,21.200566295347787,29.0909090909091,3,1.5,1.2,true,8.892744392039631,176665563,176666492
areaPerResident,30.00000000000001,1000000,2000000,11.38,21.200566295347787,30.00000000000001,3,1.5,1.2,true,8.938427739366048,178485340,178486278
areaPerResident,30.90909090909092,1000000,2000000,11.38,21.200566295347787,30.90909090909092,3,1.5,1.2,true,8.983424001629142,180286862,180287810
areaPerResident,31.81818181818183,1000000,2000000,11.38,21.200566295347787,31.81818181818183,3,1.5,1.2,true,9.027763278328699,182070929,182071887
areaPerResident,32.72727272727274,1000000,2000000,11.38,21.200566295347787,32.72727272727274,3,1.5,1.2,true,9.07147353350817,183838284,183839251
areaPerResident,33.63636363636365,1000000,2000000,11.38,21.200566295347787,33.63636363636365,3,1.5,1.2,true,9.114580801961978,185589620,185590596
areaPerResident,34.545454545454554,1000000,2000000,11.38,21.200566295347787,34.545454545454554,3,1.5,1.2,true,9.157109370617219,187325580,187326565
areaPerResident,35.45454545454546,1000000,2000000,11.38,21.200566295347787,35.45454545454546,3,1.5,1.2,true,9.199081938538741,189046768,189047763
areaPerResident,36.36363636363637,1000000,2000000,11.38,21.200566295347787,36.36363636363637,3,1.5,1.2,true,9.240519758550835,190753749,190754753
areaPerResident,37.27272727272727,1000000,2000000,11.38,21.200566295347787,37.27272727272727,3,1.5,1.2,true,9.281442763069744,192447053,192448065
areaPerResident,38.18181818181818,1000000,2000000,11.38,21.200566295347787,38.18181818181818,3,1.5,1.2,true,9.321869676160988,194127176,194128197
areaPerResident,39.090909090909086,1000000,2000000,11.38,21.200566295347787,39.090909090909086,3,1.5,1.2,true,9.361818113678325,195794587,195795617
areaPerResident,39.99999999999999,1000000,2000000,11.38,21.200566295347787,39.99999999999999,3,1.5,1.2,true,9.401304672981578,197449727,197450766
areaPerResident,40.9090909090909,1000000,2000000,11.38,21.200566295347787,40.9090909090909,3,1.5,1.2,true,9.440345013490107,199093012,199094059
areaPerResident,41.818181818181806,1000000,2000000,11.38,21.200566295347787,41.818181818181806,3,1.5,1.2,true,9.478953929291544,200724834,200725890
areaPerResident,42.72727272727271,1000000,2000000,11.38,21.200566295347787,42.72727272727271,3,1.5,1.2,true,9.517145414613685,202345566,202346631
areaPerResident,43.63636363636362,1000000,2000000,11.38,21.200566295347787,43.63636363636362,3,1.5,1.2,true,9.554932723108127,203955560,203956633
areaPerResident,44.545454545454525,1000000,2000000,11.38,21.200566295347787,44.545454545454525,3,1.5,1.2,true,9.592328421564359,205555150,205556231
areaPerResident,45.45454545454543,1000000,2000000,11.38,21.200566295347787,45.45454545454543,3,1.5,1.2,true,9.629344438757359,207144652,207145742
areaPerResident,46.36363636363634,1000000,2000000,11.38,21.200566295347787,46.36363636363634,3,1.5,1.2,true,9.665992109881168,208724368,208725466
areaPerResident,47.272727272727245,1000000,2000000,11.38,21.200566295347787,47.272727272727245,3,1.5,1.2,true,9.702282217092941,210294585,210295691
areaPerResident,48.18181818181815,1000000,2000000,11.38,21.200566295347787,48.18181818181815,3,1.5,1.2,true,9.738225026589035,211855574,211856688
areaPerResident,49.09090909090906,1000000,2000000,11.38,21.200566295347787,49.09090909090906,3,1.5,1.2,true,9.773830322487687,213407596,213408718
areaPerResident,49.999999999999964,1000000,2000000,11.38,21.200566295347787,49.999999999999964,3,1.5,1.2,true,9.809107437970031,214950899,214952030
areaPerResident,50.90909090909087,1000000,2000000,11.38,21.200566295347787,50.90909090909087,3,1.5,1.2,true,9.844065283836713,216485719,216486858
areaPerResident,51.81818181818178,1000000,2000000,11.38,21.200566295347787,51.81818181818178,3,1.5,1.2,true,9.878712374796981,218012284,218013431
areaPerResident,52.727272727272684,1000000,2000000,11.38,21.200566295347787,52.727272727272684,3,1.5,1.2,true,9.913056853687955,219530809,219531963
areaPerResident,53.63636363636359,1000000,2000000,11.38,21.200566295347787,53.63636363636359,3,1.5,1.2,true,9.947106513818882,221041500,221042663
areaPerResident,54.5454545454545,1000000,2000000,11.38,21.200566295347787,54.5454545454545,3,1.5,1.2,true,9.980868819636566,222544558,222545728
areaPerResident,55.4545454545454,1000000,2000000,11.38,21.200566295347787,55.4545454545454,3,1.5,1.2,true,10.014350925803175,224040171,224041349
areaPerResident,56.36363636363631,1000000,2000000,11.38,21.200566295347787,56.36363636363631,3,1.5,1.2,true,10.04755969494323,225528522,225529708
areaPerResident,57.27272727272722,1000000,2000000,11.38,21.200566295347787,57.27272727272722,3,1.5,1.2,true,10.080501714019055,227009786,227010980
areaPerResident,58.18181818181812,1000000,2000000,11.38,21.200566295347787,58.18181818181812,3,1.5,1.2,true,10.113183309622611,228484131,228485332
areaPerResident,59.09090909090903,1000000,2000000,11.38,21.200566295347787,59.09090909090903,3,1.5,1.2,true,10.145610562141032,229951718,229952928
areaPerResident,59.999999999999936,1000000,2000000,11.38,21.200566295347787,59.999999999999936,3,1.5,1.2,true,10.17778931898301,231412704,231413921
areaPerResident,60.90909090909084,1000000,2000000,11.38,21.200566295347787,60.90909090909084,3,1.5,1.2,true,10.209725206864812,232867237,232868461
areaPerResident,61.81818181818175,1000000,2000000,11.38,21.200566295347787,61.81818181818175,3,1.5,1.2,true,10.241423643320674,234315461,234316693
areaPerResident,62.727272727272656,1000000,2000000,11.38,21.200566295347787,62.727272727272656,3,1.5,1.2,true,10.272889847417476,235757515,235758755
areaPerResident,63.63636363636356,1000000,2000000,11.38,21.200566295347787,63.63636363636356,3,1.5,1.2,true,10.304128849785718,237193533,237194781
areaPerResident,64.54545454545448,1000000,2000000,11.38,21.200566295347787,64.54545454545448,3,1.5,1.2,true,10.335145502026458,238623644,238624899
areaPerResident,65.45454545454538,1000000,2000000,11.38,21.200566295347787,65.45454545454538,3,1.5,1.2,true,10.365944485476469,240047971,240049234
areaPerResident,66.36363636363629,1000000,2000000,11.38,21.200566295347787,66.36363636363629,3,1.5,1.2,true,10.396530319490415,241466636,241467906
areaPerResident,67.2727272727272,1000000,2000000,11.38,21.200566295347787,67.2727272727272,3,1.5,1.2,true,10.426907369160705,242879754,242881031
areaPerResident,68.1818181818181,1000000,2000000,11.38,21.200566295347787,68.1818181818181,3,1.5,1.2,true,10.457079852591633,244287436,244288721
areaPerResident,69.09090909090901,1000000,2000000,11.38,21.200566295347787,69.09090909090901,3,1.5,1.2,true,10.487051847744143,245689792,245691085
areaPerResident,69.99999999999991,1000000,2000000,11.38,21.200566295347787,69.99999999999991,3,1.5,1.2,true,10.516827298863504,247086927,247088226
areaPerResident,70.90909090909082,1000000,2000000,11.38,21.200566295347787,70.90909090909082,3,1.5,1.2,true,10.546410022540881,248478940,248480247
areaPerResident,71.81818181818173,1000000,2000000,11.38,21.200566295347787,71.81818181818173,3,1.5,1.2,true,10.57580371342421,249865932,249867246
areaPerResident,72.72727272727263,1000000,2000000,11.38,21.200566295347787,72.72727272727263,3,1.5,1.2,true,10.605011949609628,251247997,251249318
areaPerResident,73.63636363636354,1000000,2000000,11.38,21.200566295347787,73.63636363636354,3,1.5,1.2,true,10.634038197678017,252625226,252626555
areaPerResident,74.54545454545445,1000000,2000000,11.38,21.200566295347787,74.54545454545445,3,1.5,1.2,true,10.662885817603184,253997709,253999046
areaPerResident,75.45454545454535,1000000,2000000,11.38,21.200566295347787,75.45454545454535,3,1.5,1.2,true,10.691558067182429,255365534,255366877
areaPerResident,76.36363636363626,1000000,2000000,11.38,21.200566295347787,76.36363636363626,3,1.5,1.2,true,10.720058106383176,256728783,256730133
areaPerResident,77.27272727272717,1000000,2000000,11.38,21.200566295347787,77.27272727272717,3,1.5,1.2,true,10.748389001403963,258087538,258088895
areaPerResident,78.18181818181807,1000000,2000000,11.38,21.200566295347787,78.18181818181807,3,1.5,1.2,true,10.77655372851965,259441878,259443243
areaPerResident,79.09090909090898,1000000,2000000,11.38,21.200566295347787,79.09090909090898,3,1.5,1.2,true,10.804555177725195,260791881,260793253
areaPerResident,79.99999999999989,1000000,2000000,11.38,21.200566295347787,79.99999999999989,3,1.5,1.2,true,10.832396156211319,262137620,262138999
areaPerResident,80.90909090909079,1000000,2000000,11.38,21.200566295347787,80.90909090909079,3,1.5,1.2,true,10.860079391632619,263479168,263480554
areaPerResident,81.8181818181817,1000000,2000000,11.38,21.200566295347787,81.8181818181817,3,1.5,1.2,true,10.887607535240967,264816595,264817988
areaPerResident,82.7272727272726,1000000,2000000,11.38,21.200566295347787,82.7272727272726,3,1.5,1.2,true,10.914983164837048,266149971,266151371
areaPerResident,83.63636363636351,1000000,2000000,11.38,21.200566295347787,83.63636363636351,3,1.5,1.2,true,10.942208787594696,267479361,267480768
areaPerResident,84.54545454545442,1000000,2000000,11.38,21.200566295347787,84.54545454545442,3,1.5,1.2,true,10.969286842742527,268804831,268806245
areaPerResident,85.45454545454533,1000000,2000000,11.38,21.200566295347787,85.45454545454533,3,1.5,1.2,true,10.996219704105256,270126443,270127864
areaPerResident,86.36363636363623,1000000,2000000,11.38,21.200566295347787,86.36363636363623,3,1.5,1.2,true,11.023009682543421,271444259,271445687
areaPerResident,87.27272727272714,1000000,2000000,11.38,21.200566295347787,87.27272727272714,3,1.5,1.2,true,11.0496590282602,272758339,272759773
areaPerResident,88.18181818181804,1000000,2000000,11.38,21.200566295347787,88.18181818181804,3,1.5,1.2,true,11.076169933007948,274068740,274070182
areaPerResident,89.09090909090895,1000000,2000000,11.38,21.200566295347787,89.09090909090895,3,1.5,1.2,true,11.102544532194308,275375520,275376969
areaPerResident,89.99999999999986,1000000,2000000,11.38,21.200566295347787,89.99999999999986,3,1.5,1.2,true,11.128784906887569,276678734,276680190
areaPerResident,90.90909090909076,1000000,2000000,11.38,21.200566295347787,90.90909090909076,3,1.5,1.2,true,11.154893085733624,277978436,277979898
areaPerResident,91.81818181818167,1000000,2000000,11.38,21.200566295347787,91.81818181818167,3,1.5,1.2,true,11.180871046789836,279274678,279276147
areaPerResident,92.72727272727258,1000000,2000000,11.38,21.200566295347787,92.72727272727258,3,1.5,1.2,true,11.206720719266263,280567512,280568988
areaPerResident,93.63636363636348,1000000,2000000,11.38,21.200566295347787,93.63636363636348,3,1.5,1.2,true,11.232443985207116,281856988,281858470
areaPerResident,94.54545454545439,1000000,2000000,11.38,21.200566295347787,94.54545454545439,3,1.5,1.2,true,11.258042681069695,283143153,283144643
areaPerResident,95.4545454545453,1000000,2000000,11.38,21.200566295347787,95.4545454545453,3,1.5,1.2,true,11.28351859929607,284426057,284427553
areaPerResident,96.3636363636362,1000000,2000000,11.38,21.200566295347787,96.3636363636362,3,1.5,1.2,true,11.308873489723222,285705746,285707249
areaPerResident,97.27272727272711,1000000,2000000,11.38,21.200566295347787,97.27272727272711,3,1.5,1.2,true,11.33410906103611,286982264,286983774
areaPerResident,98.18181818181802,1000000,2000000,11.38,21.200566295347787,98.18181818181802,3,1.5,1.2,true,11.359226982071252,288255657,288257173
areaPerResident,99.09090909090892,1000000,2000000,11.38,21.200566295347787,99.09090909090892,3,1.5,1.2,true,11.38422888314572,289525967,289527490
areaPerResident,100,1000000,2000000,11.38,21.200566295347787,100,3,1.5,1.2,true,11.409116357232511,290793237,290794766
